{"content":[{"id":"24213be1","settings":{"gap_columns_custom_mobile":{"unit":"px","size":143,"sizes":[]},"custom_height":{"unit":"px","size":200,"sizes":[]},"custom_height_tablet":{"unit":"px","size":250,"sizes":[]},"custom_height_mobile":{"unit":"px","size":180,"sizes":[]},"flex_align_items":"flex-start","structure":"20","padding":{"unit":"px","top":"0","right":"24","bottom":"0","left":"24","isLinked":false},"padding_tablet":{"unit":"px","top":"0","right":"16","bottom":"0","left":"16","isLinked":false},"padding_mobile":{"unit":"px","top":"48","right":"16","bottom":"48","left":"16","isLinked":false},"flex_direction":"column","flex_gap":{"size":24,"unit":"px","column":"24","row":"24","isLinked":true},"boxed_width":{"unit":"px","size":1280,"sizes":[]},"flex_gap_tablet":{"unit":"px","size":24,"sizes":[],"column":"24","row":"24","isLinked":true},"flex_gap_mobile":{"unit":"px","size":16,"sizes":[],"column":"16","row":"16","isLinked":true},"background_background":"classic","background_image":{"id":567603,"url":"https:\/\/qdpenjjp.elementor.cloud\/wp-content\/uploads\/2025\/06\/wireframe-img-1.png"},"background_position":"center center","background_repeat":"no-repeat","background_size":"cover","background_overlay_background":"classic","background_overlay_opacity":{"unit":"px","size":0.6,"sizes":[]},"flex_justify_content":"center","min_height":{"unit":"px","size":450,"sizes":[]},"min_height_mobile":{"unit":"px","size":0,"sizes":[]},"pa_condition_repeater":[],"premium_tooltip_text":"Hi, I'm a global tooltip.","premium_tooltip_position":"top,bottom","premium_parallax_layers_list":[],"premium_gradient_colors_repeater":[],"premium_kenburns_repeater":[],"premium_lottie_repeater":[],"premium_blob_repeater":[],"pa_cursor_ftext":"Premium Follow Text","pa_badge_text":"New","__globals__":{"background_overlay_color":"globals\/colors?id=secondary"},"ai":{"generator":"websitePlanner","baseTemplateId":"undefined","blockId":"undefined","requestIds":{"sessionId":"wp-session-99def954-cf59-4d95-845d-09dfc5c501e4","generateId":"wp-page-products-services","batchId":"wp-section-mini-hero-section"}},"_title":"Home Page Welcome"},"elements":[{"id":"3f34a65d","settings":{"title":"Empowering Your Energy Solutions","header_size":"h5","typography_font_size":{"unit":"px","size":18,"sizes":[]},"typography_font_weight":"500","__globals__":{"title_color":"globals\/colors?id=background","typography_typography":"globals\/typography?id=heading-s"},"pa_condition_repeater":[],"premium_tooltip_text":"Hi, I'm a global tooltip.","premium_tooltip_position":"top,bottom","pa_cursor_ftext":"Premium Follow Text","pa_badge_text":"New","premium_mscroll_repeater":[],"typography_font_size_tablet":{"unit":"px","size":18,"sizes":[]},"typography_font_size_mobile":{"unit":"px","size":16,"sizes":[]},"typography_text_transform":"none","typography_font_style":"normal","typography_text_decoration":"none","typography_line_height":{"unit":"custom","size":"140%","sizes":[]},"typography_line_height_tablet":{"unit":"px","size":"","sizes":[]},"typography_line_height_mobile":{"unit":"px","size":"","sizes":[]},"typography_letter_spacing":{"unit":"px","size":0,"sizes":[]},"typography_word_spacing":{"unit":"em","size":"","sizes":[]},"ai":{"generator":"websitePlanner","baseTemplateId":"undefined","blockId":"undefined","requestIds":{"sessionId":"wp-session-99def954-cf59-4d95-845d-09dfc5c501e4","generateId":"wp-page-products-services","batchId":"wp-section-mini-hero-section"}}},"elements":[],"isInner":false,"widgetType":"heading","elType":"widget"},{"id":"37994218","settings":{"title":"Your Power, Our Commitment","typography_font_size":{"unit":"px","size":48},"typography_font_weight":"600","typography_font_size_tablet":{"unit":"px","size":40},"typography_font_size_mobile":{"unit":"px","size":32},"typography_line_height_tablet":{"unit":"custom","size":" "},"typography_line_height":{"unit":"custom","size":"1.2","sizes":[]},"typography_line_height_mobile":{"unit":"custom","size":"","sizes":[]},"__globals__":{"title_color":"globals\/colors?id=background","typography_typography":"globals\/typography?id=heading-l"},"pa_condition_repeater":[],"premium_tooltip_text":"Hi, I'm a global tooltip.","premium_tooltip_position":"top,bottom","pa_cursor_ftext":"Premium Follow Text","pa_badge_text":"New","premium_mscroll_repeater":[],"ai":{"generator":"websitePlanner","baseTemplateId":"undefined","blockId":"undefined","requestIds":{"sessionId":"wp-session-99def954-cf59-4d95-845d-09dfc5c501e4","generateId":"wp-page-products-services","batchId":"wp-section-mini-hero-section"}}},"elements":[],"isInner":false,"widgetType":"heading","elType":"widget"},{"id":"4c681417","settings":{"editor":"<p>At BatteryPlus, we provide high-quality battery solutions that cater to all your energy needs. Explore our wide range of products designed for reliability and efficiency. Let us help you find the right power source today!<\/p>","typography_font_size":{"unit":"px","size":16},"typography_font_weight":"400","typography_line_height":{"unit":"custom","size":"1.5"},"_margin":{"unit":"px","top":"0","right":"0","bottom":"-10","left":"0","isLinked":false},"typography_font_size_mobile":{"unit":"px","size":16,"sizes":[]},"typography_line_height_tablet":{"unit":"custom","size":"1.5","sizes":[]},"typography_line_height_mobile":{"unit":"custom","size":"","sizes":[]},"_element_width":"initial","_element_custom_width":{"unit":"%","size":50,"sizes":[]},"_element_custom_width_tablet":{"unit":"%","size":60,"sizes":[]},"_element_custom_width_mobile":{"unit":"%","size":100,"sizes":[]},"__globals__":{"text_color":"globals\/colors?id=background","typography_typography":"globals\/typography?id=text"},"pa_condition_repeater":[],"premium_tooltip_text":"Hi, I'm a global tooltip.","premium_tooltip_position":"top,bottom","pa_cursor_ftext":"Premium Follow Text","pa_badge_text":"New","premium_mscroll_repeater":[],"ai":{"generator":"websitePlanner","baseTemplateId":"undefined","blockId":"undefined","requestIds":{"sessionId":"wp-session-99def954-cf59-4d95-845d-09dfc5c501e4","generateId":"wp-page-products-services","batchId":"wp-section-mini-hero-section"}}},"elements":[],"isInner":false,"widgetType":"text-editor","elType":"widget"},{"id":"334b805d","settings":{"flex_direction":"row","flex_direction_mobile":"row","flex_justify_content_mobile":"flex-start","flex_gap":{"unit":"px","size":24,"sizes":[],"column":"24","row":"24","isLinked":true},"flex_gap_tablet":{"unit":"px","size":16,"sizes":[],"column":"16","row":"16","isLinked":true},"flex_gap_mobile":{"unit":"px","size":16,"sizes":[],"column":"16","row":"16","isLinked":true},"padding":{"unit":"px","top":"0","right":"0","bottom":"0","left":"0","isLinked":false},"boxed_width":{"unit":"px","size":1280,"sizes":[]},"content_width":"full","ai":{"generator":"websitePlanner","baseTemplateId":"undefined","blockId":"undefined","requestIds":{"sessionId":"wp-session-99def954-cf59-4d95-845d-09dfc5c501e4","generateId":"wp-page-products-services","batchId":"wp-section-mini-hero-section"}}},"elements":[{"id":"1543c44f","settings":{"text":"Explore Now","_element_width":"auto","border_border":"solid","border_width":{"unit":"px","top":"1","right":"1","bottom":"1","left":"1","isLinked":"1"},"border_radius":{"unit":"px","top":"","right":"","bottom":"","left":"","isLinked":"1"},"text_padding":{"unit":"px","top":"12","right":"24","bottom":"12","left":"24","isLinked":""},"__globals__":{"button_text_color":"globals\/colors?id=background","hover_color":"","button_background_hover_color":"","button_hover_border_color":"","border_color":"globals\/colors?id=accent","background_color":"globals\/colors?id=accent","typography_typography":"globals\/typography?id=text"},"text_padding_mobile":{"unit":"px","top":"12","right":"24","bottom":"12","left":"24","isLinked":""},"_margin_mobile":{"unit":"px","top":"0","right":"0","bottom":"0","left":"0","isLinked":""},"typography_font_size":{"unit":"px","size":16,"sizes":[]},"typography_font_weight":"400","typography_text_transform":"capitalize","typography_font_style":"normal","typography_text_decoration":"none","typography_line_height":{"unit":"custom","size":"150%","sizes":[]},"typography_font_size_mobile":{"unit":"px","size":15,"sizes":[]},"_margin_tablet":{"unit":"px","top":"0","right":"0","bottom":"0","left":"0","isLinked":false},"_element_custom_width":{"unit":"%","size":15,"sizes":[]},"icon_indent":{"unit":"px","size":0,"sizes":[]},"typography_font_size_tablet":{"unit":"px","size":14,"sizes":[]},"typography_line_height_tablet":{"unit":"px","size":"","sizes":[]},"typography_line_height_mobile":{"unit":"px","size":"","sizes":[]},"button_background_hover_background":"","_flex_align_self":"flex-start","align_mobile":"right","ai":{"generator":"websitePlanner","baseTemplateId":"undefined","blockId":"undefined","requestIds":{"sessionId":"wp-session-99def954-cf59-4d95-845d-09dfc5c501e4","generateId":"wp-page-products-services","batchId":"wp-section-mini-hero-section"}}},"elements":[],"isInner":false,"widgetType":"button","elType":"widget"},{"id":"623d079e","settings":{"text":"Get Started","_element_width":"auto","border_border":"solid","border_width":{"unit":"px","top":"1","right":"1","bottom":"1","left":"1","isLinked":"1"},"border_radius":{"unit":"px","top":"","right":"","bottom":"","left":"","isLinked":"1"},"text_padding":{"unit":"px","top":"12","right":"24","bottom":"12","left":"24","isLinked":""},"__globals__":{"button_text_color":"globals\/colors?id=background","hover_color":"","button_background_hover_color":"","button_hover_border_color":"","border_color":"globals\/colors?id=background","background_color":"globals\/colors?id=transparent","typography_typography":"globals\/typography?id=text"},"text_padding_mobile":{"unit":"px","top":"12","right":"24","bottom":"12","left":"24","isLinked":""},"typography_font_size":{"unit":"px","size":16,"sizes":[]},"typography_font_weight":"400","typography_text_transform":"capitalize","typography_font_style":"normal","typography_text_decoration":"none","typography_line_height":{"unit":"custom","size":"150%","sizes":[]},"typography_font_size_mobile":{"unit":"px","size":15,"sizes":[]},"_element_custom_width":{"unit":"%","size":15,"sizes":[]},"icon_indent":{"unit":"px","size":0,"sizes":[]},"typography_font_size_tablet":{"unit":"px","size":14,"sizes":[]},"typography_line_height_tablet":{"unit":"px","size":"","sizes":[]},"typography_line_height_mobile":{"unit":"px","size":"","sizes":[]},"button_background_hover_background":"","_flex_align_self":"flex-start","align_mobile":"right","ai":{"generator":"websitePlanner","baseTemplateId":"undefined","blockId":"undefined","requestIds":{"sessionId":"wp-session-99def954-cf59-4d95-845d-09dfc5c501e4","generateId":"wp-page-products-services","batchId":"wp-section-mini-hero-section"}}},"elements":[],"isInner":false,"widgetType":"button","elType":"widget"}],"isInner":true,"elType":"container"}],"isInner":false,"elType":"container"},{"id":"aa0e1fc","settings":{"padding":{"top":"112","left":"24","unit":"px","right":"24","bottom":"112","isLinked":false},"flex_gap":{"size":80,"unit":"px","sizes":[],"column":"80","row":"80","isLinked":true},"boxed_width":{"size":1280,"unit":"px","sizes":[]},"padding_mobile":{"top":"64","left":"16","unit":"px","right":"16","bottom":"64","isLinked":false},"padding_tablet":{"top":"80","left":"24","unit":"px","right":"24","bottom":"80","isLinked":false},"flex_gap_mobile":{"size":16,"unit":"px","sizes":[],"column":"16","row":"16","isLinked":true},"flex_gap_tablet":{"column":"48","row":"48","isLinked":true,"unit":"px","size":48},"pa_condition_repeater":[],"premium_tooltip_text":"Hi, I'm a global tooltip.","premium_tooltip_position":"top,bottom","premium_parallax_layers_list":[],"premium_gradient_colors_repeater":[],"premium_kenburns_repeater":[],"premium_lottie_repeater":[],"premium_blob_repeater":[],"pa_cursor_ftext":"Premium Follow Text","pa_badge_text":"New","ai":{"generator":"websitePlanner","baseTemplateId":"undefined","blockId":"undefined","requestIds":{"sessionId":"wp-session-99def954-cf59-4d95-845d-09dfc5c501e4","generateId":"wp-page-products-services","batchId":"wp-section-product-showcase"}},"_title":"Battery Showcase"},"elements":[{"id":"6645ce61","settings":{"content_width":"full","flex_gap":{"column":"24","row":"24","isLinked":true,"unit":"px","size":24},"pa_condition_repeater":[],"premium_tooltip_text":"Hi, I'm a global tooltip.","premium_tooltip_position":"top,bottom","premium_parallax_layers_list":[],"premium_gradient_colors_repeater":[],"premium_kenburns_repeater":[],"premium_lottie_repeater":[],"premium_blob_repeater":[],"pa_cursor_ftext":"Premium Follow Text","pa_badge_text":"New","ai":{"generator":"websitePlanner","baseTemplateId":"undefined","blockId":"undefined","requestIds":{"sessionId":"wp-session-99def954-cf59-4d95-845d-09dfc5c501e4","generateId":"wp-page-products-services","batchId":"wp-section-product-showcase"}}},"elements":[{"id":"6c977f4c","settings":{"title":"Explore Our Battery Range","typography_font_size":{"unit":"px","size":48,"sizes":[]},"typography_font_style":"normal","typography_font_weight":"600","typography_line_height":{"unit":"custom","size":"120%","sizes":[]},"typography_text_decoration":"none","typography_font_size_mobile":{"unit":"px","size":32,"sizes":[]},"typography_font_size_tablet":{"unit":"px","size":40,"sizes":[]},"typography_line_height_mobile":{"unit":"custom","size":"120%","sizes":[]},"typography_line_height_tablet":{"unit":"custom","size":"","sizes":[]},"__globals__":{"title_color":"globals\/colors?id=primary","typography_typography":"globals\/typography?id=heading-l"},"pa_condition_repeater":[],"premium_tooltip_text":"Hi, I'm a global tooltip.","premium_tooltip_position":"top,bottom","pa_cursor_ftext":"Premium Follow Text","pa_badge_text":"New","premium_mscroll_repeater":[],"content_width":"full","ai":{"generator":"websitePlanner","baseTemplateId":"undefined","blockId":"undefined","requestIds":{"sessionId":"wp-session-99def954-cf59-4d95-845d-09dfc5c501e4","generateId":"wp-page-products-services","batchId":"wp-section-product-showcase"}}},"elements":[],"isInner":false,"widgetType":"heading","elType":"widget"},{"id":"22bf1099","settings":{"title":"Discover our collection of high-quality batteries designed for various needs.","_margin":{"top":"0","left":"0","unit":"px","right":"0","bottom":"0","isLinked":false},"_padding":{"top":"0","left":"0","unit":"px","right":"0","bottom":"0","isLinked":false},"header_size":"h5","_margin_tablet":{"top":"0","left":"0","unit":"px","right":"0","bottom":"0","isLinked":false},"_padding_mobile":{"top":"0","left":"0","unit":"px","right":"0","bottom":"0","isLinked":false},"_padding_tablet":{"top":"0","left":"0","unit":"px","right":"0","bottom":"0","isLinked":false},"typography_font_size":{"unit":"px","size":18,"sizes":[]},"typography_font_style":"normal","typography_font_weight":"500","typography_line_height":{"unit":"custom","size":"140%","sizes":[]},"typography_word_spacing":{"unit":"em","size":"","sizes":[]},"typography_letter_spacing":{"unit":"px","size":0,"sizes":[]},"typography_text_transform":"none","typography_text_decoration":"none","typography_font_size_mobile":{"unit":"px","size":16,"sizes":[]},"typography_font_size_tablet":{"unit":"px","size":18,"sizes":[]},"typography_line_height_mobile":{"unit":"px","size":"","sizes":[]},"typography_line_height_tablet":{"unit":"px","size":"","sizes":[]},"__globals__":{"title_color":"globals\/colors?id=text","typography_typography":"globals\/typography?id=heading-s"},"pa_condition_repeater":[],"premium_tooltip_text":"Hi, I'm a global tooltip.","premium_tooltip_position":"top,bottom","pa_cursor_ftext":"Premium Follow Text","pa_badge_text":"New","premium_mscroll_repeater":[],"content_width":"full","ai":{"generator":"websitePlanner","baseTemplateId":"undefined","blockId":"undefined","requestIds":{"sessionId":"wp-session-99def954-cf59-4d95-845d-09dfc5c501e4","generateId":"wp-page-products-services","batchId":"wp-section-product-showcase"}}},"elements":[],"isInner":false,"widgetType":"heading","elType":"widget"}],"isInner":true,"elType":"container"},{"id":"15b24d2a","settings":{"container_type":"grid","presetTitle":"Grid","presetIcon":"eicon-container-grid","content_width":"full","grid_rows_grid":{"unit":"fr","size":1,"sizes":[]},"pa_condition_repeater":[],"premium_tooltip_text":"Hi, I'm a global tooltip.","premium_tooltip_position":"top,bottom","premium_parallax_layers_list":[],"premium_gradient_colors_repeater":[],"premium_kenburns_repeater":[],"premium_lottie_repeater":[],"premium_blob_repeater":[],"pa_cursor_ftext":"Premium Follow Text","pa_badge_text":"New","ai":{"generator":"websitePlanner","baseTemplateId":"undefined","blockId":"undefined","requestIds":{"sessionId":"wp-session-99def954-cf59-4d95-845d-09dfc5c501e4","generateId":"wp-page-products-services","batchId":"wp-section-product-showcase"}}},"elements":[{"id":"14fe5c0f","settings":{"content_width":"full","pa_condition_repeater":[],"premium_tooltip_text":"Hi, I'm a global tooltip.","premium_tooltip_position":"top,bottom","premium_parallax_layers_list":[],"premium_gradient_colors_repeater":[],"premium_kenburns_repeater":[],"premium_lottie_repeater":[],"premium_blob_repeater":[],"pa_cursor_ftext":"Premium Follow Text","pa_badge_text":"New","ai":{"generator":"websitePlanner","baseTemplateId":"undefined","blockId":"undefined","requestIds":{"sessionId":"wp-session-99def954-cf59-4d95-845d-09dfc5c501e4","generateId":"wp-page-products-services","batchId":"wp-section-product-showcase"}}},"elements":[{"id":"76828eda","settings":{"content_width":"full","image":{"id":"138328","url":false},"pa_condition_repeater":[],"premium_tooltip_text":"Hi, I'm a global tooltip.","premium_tooltip_position":"top,bottom","pa_cursor_ftext":"Premium Follow Text","pa_badge_text":"New","premium_mscroll_repeater":[],"ai":{"generator":"websitePlanner","baseTemplateId":"undefined","blockId":"undefined","requestIds":{"sessionId":"wp-session-99def954-cf59-4d95-845d-09dfc5c501e4","generateId":"wp-page-products-services","batchId":"wp-section-product-showcase"}}},"elements":[],"isInner":false,"widgetType":"image","elType":"widget"},{"id":"144fd1fa","settings":{"content_width":"full","title":"PowerCell Ultra","typography_font_size":{"unit":"px","size":18,"sizes":[]},"typography_font_size_tablet":{"unit":"px","size":18,"sizes":[]},"typography_font_size_mobile":{"unit":"px","size":16,"sizes":[]},"typography_font_weight":"500","typography_text_transform":"none","typography_font_style":"normal","typography_text_decoration":"none","typography_line_height":{"unit":"custom","size":"140%","sizes":[]},"typography_line_height_tablet":{"unit":"px","size":"","sizes":[]},"typography_line_height_mobile":{"unit":"px","size":"","sizes":[]},"typography_letter_spacing":{"unit":"px","size":0,"sizes":[]},"typography_word_spacing":{"unit":"em","size":"","sizes":[]},"__globals__":{"title_color":"globals\/colors?id=primary","typography_typography":"globals\/typography?id=heading-s"},"pa_condition_repeater":[],"premium_tooltip_text":"Hi, I'm a global tooltip.","premium_tooltip_position":"top,bottom","pa_cursor_ftext":"Premium Follow Text","pa_badge_text":"New","premium_mscroll_repeater":[],"ai":{"generator":"websitePlanner","baseTemplateId":"undefined","blockId":"undefined","requestIds":{"sessionId":"wp-session-99def954-cf59-4d95-845d-09dfc5c501e4","generateId":"wp-page-products-services","batchId":"wp-section-product-showcase"}}},"elements":[],"isInner":false,"widgetType":"heading","elType":"widget"},{"id":"507f4f86","settings":{"content_width":"full","title":"22$","typography_font_size":{"unit":"px","size":18,"sizes":[]},"typography_font_size_tablet":{"unit":"px","size":18,"sizes":[]},"typography_font_size_mobile":{"unit":"px","size":16,"sizes":[]},"typography_font_weight":"500","typography_text_transform":"none","typography_font_style":"normal","typography_text_decoration":"none","typography_line_height":{"unit":"custom","size":"140%","sizes":[]},"typography_line_height_tablet":{"unit":"px","size":"","sizes":[]},"typography_line_height_mobile":{"unit":"px","size":"","sizes":[]},"typography_letter_spacing":{"unit":"px","size":0,"sizes":[]},"typography_word_spacing":{"unit":"em","size":"","sizes":[]},"__globals__":{"title_color":"globals\/colors?id=primary","typography_typography":"globals\/typography?id=heading-s"},"pa_condition_repeater":[],"premium_tooltip_text":"Hi, I'm a global tooltip.","premium_tooltip_position":"top,bottom","pa_cursor_ftext":"Premium Follow Text","pa_badge_text":"New","premium_mscroll_repeater":[],"ai":{"generator":"websitePlanner","baseTemplateId":"undefined","blockId":"undefined","requestIds":{"sessionId":"wp-session-99def954-cf59-4d95-845d-09dfc5c501e4","generateId":"wp-page-products-services","batchId":"wp-section-product-showcase"}}},"elements":[],"isInner":false,"widgetType":"heading","elType":"widget"},{"id":"7920f2d3","settings":{"content_width":"full","text":"Add to Cart","error_message_global":"Something went wrong, please try again.","error_message_payment":"Payment method not set up. Please reach out to us.","typography_typography":"custom","typography_font_family":"Roboto","typography_font_weight":"500","pa_condition_repeater":[],"premium_tooltip_text":"Hi, I'm a global tooltip.","premium_tooltip_position":"top,bottom","pa_cursor_ftext":"Premium Follow Text","pa_badge_text":"New","premium_mscroll_repeater":[],"ai":{"generator":"websitePlanner","baseTemplateId":"undefined","blockId":"undefined","requestIds":{"sessionId":"wp-session-99def954-cf59-4d95-845d-09dfc5c501e4","generateId":"wp-page-products-services","batchId":"wp-section-product-showcase"}}},"elements":[],"isInner":false,"widgetType":"paypal-button","elType":"widget"}],"isInner":true,"elType":"container"},{"id":"5f07a015","settings":{"content_width":"full","pa_condition_repeater":[],"premium_tooltip_text":"Hi, I'm a global tooltip.","premium_tooltip_position":"top,bottom","premium_parallax_layers_list":[],"premium_gradient_colors_repeater":[],"premium_kenburns_repeater":[],"premium_lottie_repeater":[],"premium_blob_repeater":[],"pa_cursor_ftext":"Premium Follow Text","pa_badge_text":"New","ai":{"generator":"websitePlanner","baseTemplateId":"undefined","blockId":"undefined","requestIds":{"sessionId":"wp-session-99def954-cf59-4d95-845d-09dfc5c501e4","generateId":"wp-page-products-services","batchId":"wp-section-product-showcase"}}},"elements":[{"id":"7d404c07","settings":{"content_width":"full","image":{"id":"138328","url":false},"pa_condition_repeater":[],"premium_tooltip_text":"Hi, I'm a global tooltip.","premium_tooltip_position":"top,bottom","pa_cursor_ftext":"Premium Follow Text","pa_badge_text":"New","premium_mscroll_repeater":[],"ai":{"generator":"websitePlanner","baseTemplateId":"undefined","blockId":"undefined","requestIds":{"sessionId":"wp-session-99def954-cf59-4d95-845d-09dfc5c501e4","generateId":"wp-page-products-services","batchId":"wp-section-product-showcase"}}},"elements":[],"isInner":false,"widgetType":"image","elType":"widget"},{"id":"708fc611","settings":{"content_width":"full","title":"EcoPower Battery","typography_font_size":{"unit":"px","size":18,"sizes":[]},"typography_font_size_tablet":{"unit":"px","size":18,"sizes":[]},"typography_font_size_mobile":{"unit":"px","size":16,"sizes":[]},"typography_font_weight":"500","typography_text_transform":"none","typography_font_style":"normal","typography_text_decoration":"none","typography_line_height":{"unit":"custom","size":"140%","sizes":[]},"typography_line_height_tablet":{"unit":"px","size":"","sizes":[]},"typography_line_height_mobile":{"unit":"px","size":"","sizes":[]},"typography_letter_spacing":{"unit":"px","size":0,"sizes":[]},"typography_word_spacing":{"unit":"em","size":"","sizes":[]},"__globals__":{"title_color":"globals\/colors?id=primary","typography_typography":"globals\/typography?id=heading-s"},"pa_condition_repeater":[],"premium_tooltip_text":"Hi, I'm a global tooltip.","premium_tooltip_position":"top,bottom","pa_cursor_ftext":"Premium Follow Text","pa_badge_text":"New","premium_mscroll_repeater":[],"ai":{"generator":"websitePlanner","baseTemplateId":"undefined","blockId":"undefined","requestIds":{"sessionId":"wp-session-99def954-cf59-4d95-845d-09dfc5c501e4","generateId":"wp-page-products-services","batchId":"wp-section-product-showcase"}}},"elements":[],"isInner":false,"widgetType":"heading","elType":"widget"},{"id":"5b75ed62","settings":{"content_width":"full","title":"22$","typography_font_size":{"unit":"px","size":18,"sizes":[]},"typography_font_size_tablet":{"unit":"px","size":18,"sizes":[]},"typography_font_size_mobile":{"unit":"px","size":16,"sizes":[]},"typography_font_weight":"500","typography_text_transform":"none","typography_font_style":"normal","typography_text_decoration":"none","typography_line_height":{"unit":"custom","size":"140%","sizes":[]},"typography_line_height_tablet":{"unit":"px","size":"","sizes":[]},"typography_line_height_mobile":{"unit":"px","size":"","sizes":[]},"typography_letter_spacing":{"unit":"px","size":0,"sizes":[]},"typography_word_spacing":{"unit":"em","size":"","sizes":[]},"__globals__":{"title_color":"globals\/colors?id=primary","typography_typography":"globals\/typography?id=heading-s"},"pa_condition_repeater":[],"premium_tooltip_text":"Hi, I'm a global tooltip.","premium_tooltip_position":"top,bottom","pa_cursor_ftext":"Premium Follow Text","pa_badge_text":"New","premium_mscroll_repeater":[],"ai":{"generator":"websitePlanner","baseTemplateId":"undefined","blockId":"undefined","requestIds":{"sessionId":"wp-session-99def954-cf59-4d95-845d-09dfc5c501e4","generateId":"wp-page-products-services","batchId":"wp-section-product-showcase"}}},"elements":[],"isInner":false,"widgetType":"heading","elType":"widget"},{"id":"55f80057","settings":{"content_width":"full","text":"Add to Cart","error_message_global":"Something went wrong, please try again.","error_message_payment":"Payment method not set up. Please reach out to us.","typography_typography":"custom","typography_font_family":"Roboto","typography_font_weight":"500","pa_condition_repeater":[],"premium_tooltip_text":"Hi, I'm a global tooltip.","premium_tooltip_position":"top,bottom","pa_cursor_ftext":"Premium Follow Text","pa_badge_text":"New","premium_mscroll_repeater":[],"ai":{"generator":"websitePlanner","baseTemplateId":"undefined","blockId":"undefined","requestIds":{"sessionId":"wp-session-99def954-cf59-4d95-845d-09dfc5c501e4","generateId":"wp-page-products-services","batchId":"wp-section-product-showcase"}}},"elements":[],"isInner":false,"widgetType":"paypal-button","elType":"widget"}],"isInner":true,"elType":"container"},{"id":"3be77dec","settings":{"content_width":"full","pa_condition_repeater":[],"premium_tooltip_text":"Hi, I'm a global tooltip.","premium_tooltip_position":"top,bottom","premium_parallax_layers_list":[],"premium_gradient_colors_repeater":[],"premium_kenburns_repeater":[],"premium_lottie_repeater":[],"premium_blob_repeater":[],"pa_cursor_ftext":"Premium Follow Text","pa_badge_text":"New","ai":{"generator":"websitePlanner","baseTemplateId":"undefined","blockId":"undefined","requestIds":{"sessionId":"wp-session-99def954-cf59-4d95-845d-09dfc5c501e4","generateId":"wp-page-products-services","batchId":"wp-section-product-showcase"}}},"elements":[{"id":"1947ac5b","settings":{"content_width":"full","image":{"id":"138328","url":false},"pa_condition_repeater":[],"premium_tooltip_text":"Hi, I'm a global tooltip.","premium_tooltip_position":"top,bottom","pa_cursor_ftext":"Premium Follow Text","pa_badge_text":"New","premium_mscroll_repeater":[],"ai":{"generator":"websitePlanner","baseTemplateId":"undefined","blockId":"undefined","requestIds":{"sessionId":"wp-session-99def954-cf59-4d95-845d-09dfc5c501e4","generateId":"wp-page-products-services","batchId":"wp-section-product-showcase"}}},"elements":[],"isInner":false,"widgetType":"image","elType":"widget"},{"id":"d0d0ef6","settings":{"content_width":"full","title":"MaxCharge Pro","typography_font_size":{"unit":"px","size":18,"sizes":[]},"typography_font_size_tablet":{"unit":"px","size":18,"sizes":[]},"typography_font_size_mobile":{"unit":"px","size":16,"sizes":[]},"typography_font_weight":"500","typography_text_transform":"none","typography_font_style":"normal","typography_text_decoration":"none","typography_line_height":{"unit":"custom","size":"140%","sizes":[]},"typography_line_height_tablet":{"unit":"px","size":"","sizes":[]},"typography_line_height_mobile":{"unit":"px","size":"","sizes":[]},"typography_letter_spacing":{"unit":"px","size":0,"sizes":[]},"typography_word_spacing":{"unit":"em","size":"","sizes":[]},"__globals__":{"title_color":"globals\/colors?id=primary","typography_typography":"globals\/typography?id=heading-s"},"pa_condition_repeater":[],"premium_tooltip_text":"Hi, I'm a global tooltip.","premium_tooltip_position":"top,bottom","pa_cursor_ftext":"Premium Follow Text","pa_badge_text":"New","premium_mscroll_repeater":[],"ai":{"generator":"websitePlanner","baseTemplateId":"undefined","blockId":"undefined","requestIds":{"sessionId":"wp-session-99def954-cf59-4d95-845d-09dfc5c501e4","generateId":"wp-page-products-services","batchId":"wp-section-product-showcase"}}},"elements":[],"isInner":false,"widgetType":"heading","elType":"widget"},{"id":"f2cb02c","settings":{"content_width":"full","title":"22$","typography_font_size":{"unit":"px","size":18,"sizes":[]},"typography_font_size_tablet":{"unit":"px","size":18,"sizes":[]},"typography_font_size_mobile":{"unit":"px","size":16,"sizes":[]},"typography_font_weight":"500","typography_text_transform":"none","typography_font_style":"normal","typography_text_decoration":"none","typography_line_height":{"unit":"custom","size":"140%","sizes":[]},"typography_line_height_tablet":{"unit":"px","size":"","sizes":[]},"typography_line_height_mobile":{"unit":"px","size":"","sizes":[]},"typography_letter_spacing":{"unit":"px","size":0,"sizes":[]},"typography_word_spacing":{"unit":"em","size":"","sizes":[]},"__globals__":{"title_color":"globals\/colors?id=primary","typography_typography":"globals\/typography?id=heading-s"},"pa_condition_repeater":[],"premium_tooltip_text":"Hi, I'm a global tooltip.","premium_tooltip_position":"top,bottom","pa_cursor_ftext":"Premium Follow Text","pa_badge_text":"New","premium_mscroll_repeater":[],"ai":{"generator":"websitePlanner","baseTemplateId":"undefined","blockId":"undefined","requestIds":{"sessionId":"wp-session-99def954-cf59-4d95-845d-09dfc5c501e4","generateId":"wp-page-products-services","batchId":"wp-section-product-showcase"}}},"elements":[],"isInner":false,"widgetType":"heading","elType":"widget"},{"id":"40404321","settings":{"content_width":"full","text":"Add to Cart","error_message_global":"Something went wrong, please try again.","error_message_payment":"Payment method not set up. Please reach out to us.","typography_typography":"custom","typography_font_family":"Roboto","typography_font_weight":"500","pa_condition_repeater":[],"premium_tooltip_text":"Hi, I'm a global tooltip.","premium_tooltip_position":"top,bottom","pa_cursor_ftext":"Premium Follow Text","pa_badge_text":"New","premium_mscroll_repeater":[],"ai":{"generator":"websitePlanner","baseTemplateId":"undefined","blockId":"undefined","requestIds":{"sessionId":"wp-session-99def954-cf59-4d95-845d-09dfc5c501e4","generateId":"wp-page-products-services","batchId":"wp-section-product-showcase"}}},"elements":[],"isInner":false,"widgetType":"paypal-button","elType":"widget"}],"isInner":true,"elType":"container"}],"isInner":true,"elType":"container"}],"isInner":false,"elType":"container"},{"id":"3b8c7df0","settings":{"layout":"full_width","flex_gap":{"size":80,"unit":"px","column":"80","row":"80","isLinked":true},"padding":{"unit":"px","top":"100","right":"24","bottom":"100","left":"24","isLinked":false},"padding_tablet":{"unit":"px","top":"80","right":"16","bottom":"80","left":"16","isLinked":false},"_title":"Explore Our Services","flex_direction":"column","flex_align_items":"center","padding_mobile":{"unit":"px","top":"48","right":"16","bottom":"48","left":"16","isLinked":false},"boxed_width":{"unit":"px","size":1280,"sizes":[]},"min_height_tablet":{"unit":"px","size":0,"sizes":[]},"flex_align_items_tablet":"flex-start","flex_gap_tablet":{"unit":"px","size":48,"sizes":[],"column":"48","row":"48","isLinked":true},"flex_gap_mobile":{"unit":"px","size":24,"sizes":[],"column":"24","row":"24","isLinked":true},"pa_condition_repeater":[],"premium_tooltip_text":"Hi, I'm a global tooltip.","premium_tooltip_position":"top,bottom","premium_parallax_layers_list":[],"premium_gradient_colors_repeater":[],"premium_kenburns_repeater":[],"premium_lottie_repeater":[],"premium_blob_repeater":[],"pa_cursor_ftext":"Premium Follow Text","pa_badge_text":"New","ai":{"generator":"websitePlanner","baseTemplateId":"undefined","blockId":"undefined","requestIds":{"sessionId":"wp-session-99def954-cf59-4d95-845d-09dfc5c501e4","generateId":"wp-page-products-services","batchId":"wp-section-services-overview"}}},"elements":[{"id":"67fc37c3","settings":{"content_width":"full","width":{"size":null,"unit":"%"},"flex_justify_content_mobile":"center","flex_align_items":"center","flex_gap":{"size":16,"unit":"px","column":"16","row":"16","isLinked":true},"flex_gap_tablet":{"size":16,"unit":"px","column":"16","row":"16","isLinked":true},"flex_gap_mobile":{"unit":"px","size":0,"sizes":[],"column":"0","row":"0","isLinked":true},"padding":{"unit":"px","top":"0","right":"0","bottom":"0","left":"0","isLinked":false},"padding_tablet":{"unit":"px","top":"0","right":"0","bottom":"0","left":"0","isLinked":false},"padding_mobile":{"unit":"px","top":"0","right":"0","bottom":"0","left":"0","isLinked":false},"pa_condition_repeater":[],"premium_tooltip_text":"Hi, I'm a global tooltip.","premium_tooltip_position":"top,bottom","premium_parallax_layers_list":[],"premium_gradient_colors_repeater":[],"premium_kenburns_repeater":[],"premium_lottie_repeater":[],"premium_blob_repeater":[],"pa_cursor_ftext":"Premium Follow Text","pa_badge_text":"New","ai":{"generator":"websitePlanner","baseTemplateId":"undefined","blockId":"undefined","requestIds":{"sessionId":"wp-session-99def954-cf59-4d95-845d-09dfc5c501e4","generateId":"wp-page-products-services","batchId":"wp-section-services-overview"}}},"elements":[{"id":"3d95c928","settings":{"title":"Our Offerings","align":"center","__globals__":{"typography_typography":"globals\/typography?id=heading-xl","title_color":"globals\/colors?id=primary"},"_margin":{"unit":"%","top":"","right":"","bottom":"","left":"","isLinked":true},"_margin_tablet":{"unit":"%","top":"","right":"","bottom":"","left":"","isLinked":true},"_margin_mobile":{"unit":"%","top":"","right":"","bottom":"","left":"","isLinked":true},"typography_font_size":{"unit":"px","size":56,"sizes":[]},"typography_font_size_tablet":{"size":48,"unit":"px"},"typography_font_size_mobile":{"size":40,"unit":"px"},"typography_font_weight":"600","typography_line_height":{"unit":"custom","size":"1.2","sizes":[]},"typography_line_height_mobile":{"size":"","unit":"custom","sizes":[]},"typography_line_height_tablet":{"size":" ","unit":"custom"},"pa_condition_repeater":[],"premium_tooltip_text":"Hi, I'm a global tooltip.","premium_tooltip_position":"top,bottom","pa_cursor_ftext":"Premium Follow Text","pa_badge_text":"New","premium_mscroll_repeater":[],"content_width":"full","ai":{"generator":"websitePlanner","baseTemplateId":"undefined","blockId":"undefined","requestIds":{"sessionId":"wp-session-99def954-cf59-4d95-845d-09dfc5c501e4","generateId":"wp-page-products-services","batchId":"wp-section-services-overview"}}},"elements":[],"isInner":false,"widgetType":"heading","elType":"widget"},{"id":"b909e00","settings":{"title":"Explore our diverse range of services designed to meet your needs.","align":"center","header_size":"h5","__globals__":{"typography_typography":"globals\/typography?id=heading-s","title_color":"globals\/colors?id=text"},"_padding":{"unit":"%","top":"0","right":"0","bottom":"0","left":"0","isLinked":false},"_padding_tablet":{"unit":"%","top":"","right":"","bottom":"","left":"","isLinked":true},"_padding_mobile":{"unit":"%","top":"","right":"","bottom":"","left":"","isLinked":true},"_element_width":"initial","_element_custom_width":{"unit":"px","size":380,"sizes":[]},"_element_custom_width_tablet":{"unit":"px","size":240,"sizes":[]},"typography_font_size":{"unit":"px","size":18,"sizes":[]},"typography_font_size_tablet":{"unit":"px","size":18,"sizes":[]},"typography_font_weight":"500","typography_text_transform":"none","typography_font_style":"normal","typography_text_decoration":"none","typography_line_height":{"unit":"custom","size":"140%","sizes":[]},"typography_letter_spacing":{"unit":"px","size":0,"sizes":[]},"typography_font_size_mobile":{"unit":"px","size":16,"sizes":[]},"typography_line_height_tablet":{"unit":"px","size":"","sizes":[]},"typography_line_height_mobile":{"unit":"px","size":"","sizes":[]},"typography_word_spacing":{"unit":"em","size":"","sizes":[]},"pa_condition_repeater":[],"premium_tooltip_text":"Hi, I'm a global tooltip.","premium_tooltip_position":"top,bottom","pa_cursor_ftext":"Premium Follow Text","pa_badge_text":"New","premium_mscroll_repeater":[],"content_width":"full","ai":{"generator":"websitePlanner","baseTemplateId":"undefined","blockId":"undefined","requestIds":{"sessionId":"wp-session-99def954-cf59-4d95-845d-09dfc5c501e4","generateId":"wp-page-products-services","batchId":"wp-section-services-overview"}}},"elements":[],"isInner":false,"widgetType":"heading","elType":"widget"}],"isInner":true,"elType":"container"},{"id":"4f1eccaa","settings":{"layout":"full_width","flex_gap":{"size":48,"unit":"px","column":"48","row":"48","isLinked":true},"structure":"40","flex_direction":"row","content_width":"full","flex_justify_content_tablet":"space-between","flex_wrap_tablet":"wrap","flex_gap_tablet":{"unit":"px","size":24,"sizes":[],"column":"24","row":"24","isLinked":true},"flex_gap_mobile":{"unit":"px","size":16,"sizes":[],"column":"16","row":"16","isLinked":true},"pa_condition_repeater":[],"premium_tooltip_text":"Hi, I'm a global tooltip.","premium_tooltip_position":"top,bottom","premium_parallax_layers_list":[],"premium_gradient_colors_repeater":[],"premium_kenburns_repeater":[],"premium_lottie_repeater":[],"premium_blob_repeater":[],"pa_cursor_ftext":"Premium Follow Text","pa_badge_text":"New","ai":{"generator":"websitePlanner","baseTemplateId":"undefined","blockId":"undefined","requestIds":{"sessionId":"wp-session-99def954-cf59-4d95-845d-09dfc5c501e4","generateId":"wp-page-products-services","batchId":"wp-section-services-overview"}}},"elements":[{"id":"41ce774b","settings":{"image":{"id":"138328","url":false},"title_text":"Battery Maintenance","description_text":"Regular maintenance ensures the longevity of your battery life, enhancing performance and reliability.","title_size":"h4","image_size":{"unit":"%","size":"100","sizes":[]},"hover_animation":"grow","text_align":"left","title_bottom_space":{"unit":"px","size":"15","sizes":[]},"__globals__":{"title_typography_typography":"globals\/typography?id=primary","description_typography_typography":"globals\/typography?id=text","title_color":"globals\/colors?id=primary","description_color":"globals\/colors?id=text"},"_margin":{"unit":"%","top":"","right":"","bottom":"","left":"","isLinked":true},"_margin_tablet":{"unit":"%","top":"","right":"","bottom":"","left":"","isLinked":true},"_margin_mobile":{"unit":"%","top":"","right":"","bottom":"","left":"","isLinked":true},"_element_width_tablet":"initial","_element_width_mobile":"inherit","_element_custom_width_tablet":{"unit":"%","size":46,"sizes":[]},"_element_custom_width_mobile":{"unit":"%","size":"","sizes":[]},"text_align_mobile":"center","_element_width":"initial","_element_custom_width":{"unit":"%","size":38,"sizes":[]},"title_typography_font_size":{"unit":"px","size":24,"sizes":[]},"title_typography_font_size_mobile":{"unit":"px","size":18,"sizes":[]},"title_typography_font_weight":"600","title_typography_text_transform":"none","title_typography_font_style":"normal","title_typography_text_decoration":"none","title_typography_line_height":{"unit":"custom","size":"140%","sizes":[]},"title_typography_letter_spacing":{"unit":"px","size":0,"sizes":[]},"description_typography_font_size":{"unit":"px","size":16,"sizes":[]},"description_typography_font_size_tablet":{"unit":"px","size":14,"sizes":[]},"description_typography_font_weight":"400","description_typography_text_transform":"none","description_typography_font_style":"normal","description_typography_text_decoration":"none","description_typography_line_height":{"unit":"em","size":1.5,"sizes":[]},"description_typography_letter_spacing":{"unit":"px","size":0,"sizes":[]},"title_typography_font_size_tablet":{"unit":"px","size":22,"sizes":[]},"title_typography_line_height_tablet":{"unit":"px","size":"","sizes":[]},"title_typography_line_height_mobile":{"unit":"px","size":"","sizes":[]},"pa_condition_repeater":[],"premium_tooltip_text":"Hi, I'm a global tooltip.","premium_tooltip_position":"top,bottom","pa_cursor_ftext":"Premium Follow Text","pa_badge_text":"New","premium_mscroll_repeater":[],"ai":{"generator":"websitePlanner","baseTemplateId":"undefined","blockId":"undefined","requestIds":{"sessionId":"wp-session-99def954-cf59-4d95-845d-09dfc5c501e4","generateId":"wp-page-products-services","batchId":"wp-section-services-overview"}}},"elements":[],"isInner":false,"widgetType":"image-box","elType":"widget"},{"id":"ff6338b","settings":{"image":{"id":"138328","url":false},"title_text":"Battery Replacement","description_text":"We provide quick and efficient battery replacement services to minimize downtime and restore functionality.","title_size":"h4","image_size":{"unit":"%","size":"100","sizes":[]},"hover_animation":"grow","text_align":"left","title_bottom_space":{"unit":"px","size":"15","sizes":[]},"__globals__":{"title_typography_typography":"globals\/typography?id=primary","description_typography_typography":"globals\/typography?id=text","title_color":"globals\/colors?id=primary","description_color":"globals\/colors?id=text"},"_margin":{"unit":"%","top":"","right":"","bottom":"","left":"","isLinked":true},"_margin_tablet":{"unit":"%","top":"","right":"","bottom":"","left":"","isLinked":true},"_margin_mobile":{"unit":"%","top":"","right":"","bottom":"","left":"","isLinked":true},"_element_width_tablet":"initial","_element_width_mobile":"inherit","_element_custom_width_tablet":{"unit":"%","size":46,"sizes":[]},"_element_custom_width_mobile":{"unit":"%","size":"","sizes":[]},"text_align_mobile":"center","_element_width":"initial","_element_custom_width":{"unit":"%","size":38,"sizes":[]},"title_typography_font_size":{"unit":"px","size":24,"sizes":[]},"title_typography_font_size_mobile":{"unit":"px","size":18,"sizes":[]},"title_typography_font_weight":"600","title_typography_text_transform":"none","title_typography_font_style":"normal","title_typography_text_decoration":"none","title_typography_line_height":{"unit":"custom","size":"140%","sizes":[]},"title_typography_letter_spacing":{"unit":"px","size":0,"sizes":[]},"description_typography_font_size":{"unit":"px","size":16,"sizes":[]},"description_typography_font_size_tablet":{"unit":"px","size":14,"sizes":[]},"description_typography_font_weight":"400","description_typography_text_transform":"none","description_typography_font_style":"normal","description_typography_text_decoration":"none","description_typography_line_height":{"unit":"em","size":1.5,"sizes":[]},"description_typography_letter_spacing":{"unit":"px","size":0,"sizes":[]},"title_typography_font_size_tablet":{"unit":"px","size":22,"sizes":[]},"title_typography_line_height_tablet":{"unit":"px","size":"","sizes":[]},"title_typography_line_height_mobile":{"unit":"px","size":"","sizes":[]},"pa_condition_repeater":[],"premium_tooltip_text":"Hi, I'm a global tooltip.","premium_tooltip_position":"top,bottom","pa_cursor_ftext":"Premium Follow Text","pa_badge_text":"New","premium_mscroll_repeater":[],"ai":{"generator":"websitePlanner","baseTemplateId":"undefined","blockId":"undefined","requestIds":{"sessionId":"wp-session-99def954-cf59-4d95-845d-09dfc5c501e4","generateId":"wp-page-products-services","batchId":"wp-section-services-overview"}}},"elements":[],"isInner":false,"widgetType":"image-box","elType":"widget"},{"id":"73fe6ffc","settings":{"image":{"id":"138328","url":false},"title_text":"Battery Testing","description_text":"Our comprehensive testing services identify issues early, ensuring you avoid unexpected failures.","title_size":"h4","image_size":{"unit":"%","size":"100","sizes":[]},"hover_animation":"grow","text_align":"left","title_bottom_space":{"unit":"px","size":"15","sizes":[]},"__globals__":{"title_typography_typography":"globals\/typography?id=primary","description_typography_typography":"globals\/typography?id=text","title_color":"globals\/colors?id=primary","description_color":"globals\/colors?id=text"},"_margin":{"unit":"%","top":"","right":"","bottom":"","left":"","isLinked":true},"_margin_tablet":{"unit":"%","top":"","right":"","bottom":"","left":"","isLinked":true},"_margin_mobile":{"unit":"%","top":"","right":"","bottom":"","left":"","isLinked":true},"_element_width_tablet":"initial","_element_width_mobile":"inherit","_element_custom_width_tablet":{"unit":"%","size":46,"sizes":[]},"_element_custom_width_mobile":{"unit":"%","size":"","sizes":[]},"text_align_mobile":"center","_element_width":"initial","_element_custom_width":{"unit":"%","size":38,"sizes":[]},"title_typography_font_size":{"unit":"px","size":24,"sizes":[]},"title_typography_font_size_mobile":{"unit":"px","size":18,"sizes":[]},"title_typography_font_weight":"600","title_typography_text_transform":"none","title_typography_font_style":"normal","title_typography_text_decoration":"none","title_typography_line_height":{"unit":"custom","size":"140%","sizes":[]},"title_typography_letter_spacing":{"unit":"px","size":0,"sizes":[]},"description_typography_font_size":{"unit":"px","size":16,"sizes":[]},"description_typography_font_size_tablet":{"unit":"px","size":14,"sizes":[]},"description_typography_font_weight":"400","description_typography_text_transform":"none","description_typography_font_style":"normal","description_typography_text_decoration":"none","description_typography_line_height":{"unit":"em","size":1.5,"sizes":[]},"description_typography_letter_spacing":{"unit":"px","size":0,"sizes":[]},"title_typography_font_size_tablet":{"unit":"px","size":22,"sizes":[]},"title_typography_line_height_tablet":{"unit":"px","size":"","sizes":[]},"title_typography_line_height_mobile":{"unit":"px","size":"","sizes":[]},"pa_condition_repeater":[],"premium_tooltip_text":"Hi, I'm a global tooltip.","premium_tooltip_position":"top,bottom","pa_cursor_ftext":"Premium Follow Text","pa_badge_text":"New","premium_mscroll_repeater":[],"ai":{"generator":"websitePlanner","baseTemplateId":"undefined","blockId":"undefined","requestIds":{"sessionId":"wp-session-99def954-cf59-4d95-845d-09dfc5c501e4","generateId":"wp-page-products-services","batchId":"wp-section-services-overview"}}},"elements":[],"isInner":false,"widgetType":"image-box","elType":"widget"}],"isInner":true,"elType":"container"},{"id":"4ef41e6","settings":{"text":"Learn More","_element_width":"auto","border_border":"solid","border_width":{"unit":"px","top":"1","right":"1","bottom":"1","left":"1","isLinked":"1"},"border_radius":{"unit":"px","top":"","right":"","bottom":"","left":"","isLinked":"1"},"text_padding":{"unit":"px","top":"12","right":"24","bottom":"12","left":"24","isLinked":""},"text_padding_mobile":{"unit":"px","top":"12","right":"24","bottom":"12","left":"24","isLinked":""},"typography_font_size":{"unit":"px","size":16,"sizes":[]},"typography_font_weight":"400","typography_text_transform":"capitalize","typography_font_style":"normal","typography_text_decoration":"none","typography_line_height":{"unit":"custom","size":"150%","sizes":[]},"typography_font_size_mobile":{"unit":"px","size":15,"sizes":[]},"align":"right","_element_custom_width":{"unit":"%","size":15,"sizes":[]},"icon_indent":{"unit":"px","size":0,"sizes":[]},"typography_font_size_tablet":{"unit":"px","size":14,"sizes":[]},"typography_line_height_tablet":{"unit":"px","size":"","sizes":[]},"typography_line_height_mobile":{"unit":"px","size":"","sizes":[]},"button_background_hover_background":"","_flex_align_self":"center","__globals__":{"hover_color":"","button_background_hover_color":"","button_hover_border_color":"","button_text_color":"globals\/colors?id=background","border_color":"globals\/colors?id=accent","background_color":"globals\/colors?id=accent","typography_typography":"globals\/typography?id=text"},"pa_condition_repeater":[],"premium_tooltip_text":"Hi, I'm a global tooltip.","premium_tooltip_position":"top,bottom","pa_cursor_ftext":"Premium Follow Text","pa_badge_text":"New","premium_mscroll_repeater":[],"ai":{"generator":"websitePlanner","baseTemplateId":"undefined","blockId":"undefined","requestIds":{"sessionId":"wp-session-99def954-cf59-4d95-845d-09dfc5c501e4","generateId":"wp-page-products-services","batchId":"wp-section-services-overview"}}},"elements":[],"isInner":false,"widgetType":"button","elType":"widget"}],"isInner":false,"elType":"container"},{"id":"11c6d301","settings":{"min_height":{"unit":"px","size":450},"content_position":"middle","background_background":"classic","background_position":"center center","background_size":"cover","flex_gap":{"size":80,"unit":"px","column":"80","row":"80","isLinked":true},"padding":{"unit":"px","top":"0","right":"24","bottom":"0","left":"24","isLinked":false},"structure":"20","min_height_tablet":{"unit":"px","size":""},"min_height_mobile":{"unit":"px","size":0},"padding_tablet":{"unit":"px","top":"0","right":"16","bottom":"0","left":"16","isLinked":false},"padding_mobile":{"unit":"px","top":"48","right":"16","bottom":"48","left":"16","isLinked":false},"reverse_order_mobile":"reverse-mobile","flex_direction":"column","flex_align_items":"center","flex_direction_tablet":"row","flex_align_items_mobile":"center","flex_gap_tablet":{"unit":"px","size":32,"sizes":[],"column":"32","row":"32","isLinked":true},"boxed_width":{"unit":"px","size":750,"sizes":[]},"flex_direction_mobile":"column","flex_justify_content":"center","flex_justify_content_tablet":"space-between","flex_justify_content_mobile":"center","boxed_width_tablet":{"unit":"px","size":600,"sizes":[]},"background_image":{"url":"","id":"","size":"","alt":"","source":"library"},"background_overlay_opacity":{"unit":"px","size":0.6,"sizes":[]},"ai":{"generator":"websitePlanner","baseTemplateId":"undefined","blockId":"undefined","requestIds":{"sessionId":"wp-session-99def954-cf59-4d95-845d-09dfc5c501e4","generateId":"wp-page-products-services","batchId":"wp-section-cta-section"}},"_title":"Connect with Us","__globals__":{"background_overlay_color":"globals\/colors?id=primary","background_color":"globals\/colors?id=secondary"}},"elements":[{"id":"370eeb2e","settings":{"_column_size":50,"width":{"size":"","unit":"px"},"padding":{"unit":"px","top":"0","right":"0","bottom":"0","left":"0","isLinked":false},"padding_mobile":{"unit":"px","top":"0","right":"0","bottom":"0","left":"0","isLinked":false},"flex_justify_content_mobile":"center","align_mobile":"center","flex_gap":{"size":24,"unit":"px","column":"24","row":"24","isLinked":true},"flex_gap_tablet":{"size":16,"unit":"px","column":"16","row":"16","isLinked":true},"content_width":"full","width_mobile":{"unit":"%","size":"","sizes":[]},"boxed_width_tablet":{"unit":"%","size":50,"sizes":[]},"boxed_width_mobile":{"unit":"%","size":"","sizes":[]},"margin":{"unit":"px","top":"0","right":"0","bottom":"0","left":"0","isLinked":false},"margin_mobile":{"unit":"px","top":"0","right":"0","bottom":"0","left":"0","isLinked":false},"ai":{"generator":"websitePlanner","baseTemplateId":"undefined","blockId":"undefined","requestIds":{"sessionId":"wp-session-99def954-cf59-4d95-845d-09dfc5c501e4","generateId":"wp-page-products-services","batchId":"wp-section-cta-section"}}},"elements":[{"id":"11d73677","settings":{"title":"Your Custom Battery Solutions Await","align":"center","typography_font_size":{"unit":"px","size":48},"typography_font_weight":"600","align_mobile":"center","typography_font_size_tablet":{"unit":"px","size":40},"typography_font_size_mobile":{"unit":"px","size":32},"typography_line_height_tablet":{"unit":"custom","size":" "},"typography_line_height":{"unit":"custom","size":"1.2","sizes":[]},"typography_line_height_mobile":{"unit":"custom","size":"","sizes":[]},"ai":{"generator":"websitePlanner","baseTemplateId":"undefined","blockId":"undefined","requestIds":{"sessionId":"wp-session-99def954-cf59-4d95-845d-09dfc5c501e4","generateId":"wp-page-products-services","batchId":"wp-section-cta-section"}},"__globals__":{"title_color":"globals\/colors?id=background","typography_typography":"globals\/typography?id=heading-l"}},"elements":[],"isInner":false,"widgetType":"heading","elType":"widget"},{"id":"58a9e09f","settings":{"editor":"<p>Ready to find the perfect battery for your needs? Our team is here to provide personalized solutions tailored just for you. Get in touch today and let\u2019s power your projects together.<\/p>","align":"center","typography_font_size":{"unit":"px","size":16,"sizes":[]},"typography_font_weight":"400","typography_line_height":{"unit":"em","size":1.5,"sizes":[]},"_margin":{"unit":"px","top":"0","right":"0","bottom":"-10","left":"0","isLinked":false},"align_mobile":"center","typography_font_size_tablet":{"unit":"px","size":14,"sizes":[]},"typography_text_transform":"none","typography_font_style":"normal","typography_text_decoration":"none","typography_letter_spacing":{"unit":"px","size":0,"sizes":[]},"__globals__":{"typography_typography":"globals\/typography?id=text","text_color":"globals\/colors?id=background"},"ai":{"generator":"websitePlanner","baseTemplateId":"undefined","blockId":"undefined","requestIds":{"sessionId":"wp-session-99def954-cf59-4d95-845d-09dfc5c501e4","generateId":"wp-page-products-services","batchId":"wp-section-cta-section"}}},"elements":[],"isInner":false,"widgetType":"text-editor","elType":"widget"},{"id":"34bb8cf5","settings":{"flex_direction":"row","flex_direction_mobile":"row","flex_justify_content_mobile":"center","flex_gap":{"unit":"px","size":16,"sizes":[],"column":"16","row":"16","isLinked":true},"flex_gap_tablet":{"unit":"px","size":16,"sizes":[],"column":"16","row":"16","isLinked":true},"flex_gap_mobile":{"unit":"px","size":16,"sizes":[],"column":"16","row":"16","isLinked":true},"padding":{"unit":"px","top":"0","right":"0","bottom":"0","left":"0","isLinked":false},"flex_justify_content":"center","ai":{"generator":"websitePlanner","baseTemplateId":"undefined","blockId":"undefined","requestIds":{"sessionId":"wp-session-99def954-cf59-4d95-845d-09dfc5c501e4","generateId":"wp-page-products-services","batchId":"wp-section-cta-section"}}},"elements":[{"id":"5058739c","settings":{"text":"Contact Us","_element_width":"auto","border_border":"solid","border_width":{"unit":"px","top":"1","right":"1","bottom":"1","left":"1","isLinked":"1"},"border_radius":{"unit":"px","top":"","right":"","bottom":"","left":"","isLinked":"1"},"text_padding":{"unit":"px","top":"12","right":"24","bottom":"12","left":"24","isLinked":""},"__globals__":{"button_text_color":"globals\/colors?id=background","hover_color":"","button_background_hover_color":"","button_hover_border_color":"","border_color":"globals\/colors?id=accent","background_color":"globals\/colors?id=accent","typography_typography":"globals\/typography?id=text"},"text_padding_mobile":{"unit":"px","top":"12","right":"24","bottom":"12","left":"24","isLinked":""},"_margin_mobile":{"unit":"px","top":"0","right":"0","bottom":"0","left":"0","isLinked":""},"typography_font_size":{"unit":"px","size":16,"sizes":[]},"typography_font_weight":"400","typography_text_transform":"capitalize","typography_font_style":"normal","typography_text_decoration":"none","typography_line_height":{"unit":"custom","size":"150%","sizes":[]},"typography_font_size_mobile":{"unit":"px","size":15,"sizes":[]},"_margin_tablet":{"unit":"px","top":"0","right":"0","bottom":"0","left":"0","isLinked":false},"align":"right","_element_custom_width":{"unit":"%","size":15,"sizes":[]},"icon_indent":{"unit":"px","size":0,"sizes":[]},"typography_font_size_tablet":{"unit":"px","size":14,"sizes":[]},"typography_line_height_tablet":{"unit":"px","size":"","sizes":[]},"typography_line_height_mobile":{"unit":"px","size":"","sizes":[]},"button_background_hover_background":"","_flex_align_self":"flex-start","ai":{"generator":"websitePlanner","baseTemplateId":"undefined","blockId":"undefined","requestIds":{"sessionId":"wp-session-99def954-cf59-4d95-845d-09dfc5c501e4","generateId":"wp-page-products-services","batchId":"wp-section-cta-section"}}},"elements":[],"isInner":false,"widgetType":"button","elType":"widget"},{"id":"25e7b7b4","settings":{"text":"Get a Quote","_element_width":"auto","border_border":"solid","border_width":{"unit":"px","top":"1","right":"1","bottom":"1","left":"1","isLinked":"1"},"border_radius":{"unit":"px","top":"","right":"","bottom":"","left":"","isLinked":"1"},"text_padding":{"unit":"px","top":"12","right":"24","bottom":"12","left":"24","isLinked":""},"__globals__":{"button_text_color":"globals\/colors?id=background","hover_color":"","button_background_hover_color":"","button_hover_border_color":"","border_color":"globals\/colors?id=background","background_color":"globals\/colors?id=transparent","typography_typography":"globals\/typography?id=text"},"text_padding_mobile":{"unit":"px","top":"12","right":"24","bottom":"12","left":"24","isLinked":""},"typography_font_size":{"unit":"px","size":16,"sizes":[]},"typography_font_weight":"400","typography_text_transform":"capitalize","typography_font_style":"normal","typography_text_decoration":"none","typography_line_height":{"unit":"custom","size":"150%","sizes":[]},"typography_font_size_mobile":{"unit":"px","size":15,"sizes":[]},"_element_custom_width":{"unit":"%","size":15,"sizes":[]},"icon_indent":{"unit":"px","size":0,"sizes":[]},"typography_font_size_tablet":{"unit":"px","size":14,"sizes":[]},"typography_line_height_tablet":{"unit":"px","size":"","sizes":[]},"typography_line_height_mobile":{"unit":"px","size":"","sizes":[]},"button_background_hover_background":"","_flex_align_self":"flex-start","ai":{"generator":"websitePlanner","baseTemplateId":"undefined","blockId":"undefined","requestIds":{"sessionId":"wp-session-99def954-cf59-4d95-845d-09dfc5c501e4","generateId":"wp-page-products-services","batchId":"wp-section-cta-section"}}},"elements":[],"isInner":false,"widgetType":"button","elType":"widget"}],"isInner":true,"elType":"container"}],"isInner":true,"elType":"container"}],"isInner":false,"elType":"container"},{"id":"c114e5a","settings":{"flex_direction":"column","flex_gap":{"size":80,"unit":"px","column":"80","row":"80","isLinked":true},"flex_gap_tablet":{"unit":"px","size":48,"sizes":[],"column":"48","row":"48","isLinked":true},"flex_gap_mobile":{"unit":"px","size":48,"sizes":[],"column":"48","row":"48","isLinked":true},"background_background":"classic","padding":{"unit":"px","top":"100","right":"24","bottom":"100","left":"24","isLinked":false},"padding_tablet":{"unit":"px","top":"80","right":"16","bottom":"80","left":"16","isLinked":false},"padding_mobile":{"unit":"px","top":"48","right":"16","bottom":"48","left":"16","isLinked":false},"_title":"Client Feedback","boxed_width":{"unit":"px","size":1280,"sizes":[]},"min_height_tablet":{"unit":"px","size":0,"sizes":[]},"flex_align_items":"center","flex_align_items_tablet":"flex-start","background_image":{"url":"","id":"","size":"","alt":"","source":"library"},"background_position":"center center","background_repeat":"no-repeat","background_size":"cover","background_overlay_opacity":{"unit":"px","size":0.6,"sizes":[]},"__globals__":{"background_color":"globals\/colors?id=secondary","background_overlay_color":"globals\/colors?id=primary"},"pa_condition_repeater":[],"premium_tooltip_text":"Hi, I'm a global tooltip.","premium_tooltip_position":"top,bottom","premium_parallax_layers_list":[],"premium_gradient_colors_repeater":[],"premium_kenburns_repeater":[],"premium_lottie_repeater":[],"premium_blob_repeater":[],"pa_cursor_ftext":"Premium Follow Text","pa_badge_text":"New","ai":{"generator":"websitePlanner","baseTemplateId":"undefined","blockId":"undefined","requestIds":{"sessionId":"wp-session-99def954-cf59-4d95-845d-09dfc5c501e4","generateId":"wp-page-products-services","batchId":"wp-section-testimonial-carousel"}}},"elements":[{"id":"7d00d92e","settings":{"title":"What Our Clients Say","align":"center","typography_font_size":{"unit":"px","size":48,"sizes":[]},"typography_font_size_mobile":{"unit":"px","size":32,"sizes":[]},"typography_font_weight":"600","typography_font_style":"normal","typography_text_decoration":"none","typography_line_height":{"unit":"custom","size":"120%","sizes":[]},"typography_word_spacing":{"unit":"em","size":"","sizes":[]},"_margin_tablet":{"unit":"px","top":"0","right":"0","bottom":"0","left":"0","isLinked":false},"_element_width_mobile":"inherit","_element_custom_width":{"unit":"px","size":471,"sizes":[]},"_element_custom_width_tablet":{"unit":"%","size":"","sizes":[]},"_element_custom_width_mobile":{"unit":"%","size":"","sizes":[]},"_flex_size":"grow","typography_font_size_tablet":{"unit":"px","size":40,"sizes":[]},"typography_line_height_tablet":{"unit":"custom","size":"","sizes":[]},"typography_line_height_mobile":{"unit":"custom","size":"120%","sizes":[]},"__globals__":{"title_color":"globals\/colors?id=background","typography_typography":"globals\/typography?id=heading-l"},"pa_condition_repeater":[],"premium_tooltip_text":"Hi, I'm a global tooltip.","premium_tooltip_position":"top,bottom","pa_cursor_ftext":"Premium Follow Text","pa_badge_text":"New","premium_mscroll_repeater":[],"ai":{"generator":"websitePlanner","baseTemplateId":"undefined","blockId":"undefined","requestIds":{"sessionId":"wp-session-99def954-cf59-4d95-845d-09dfc5c501e4","generateId":"wp-page-products-services","batchId":"wp-section-testimonial-carousel"}}},"elements":[],"isInner":false,"widgetType":"heading","elType":"widget"},{"id":"489c310a","settings":{"flex_direction":"row","flex_direction_tablet":"column","flex_gap":{"unit":"px","size":48,"sizes":[],"row":"48","column":"48","isLinked":true},"_title":"Cards","flex_justify_content":"center","padding":{"unit":"px","top":"0","right":"0","bottom":"0","left":"0","isLinked":true},"boxed_width":{"unit":"px","size":1280,"sizes":[]},"flex_gap_mobile":{"column":"24","row":"24","isLinked":true,"unit":"px","size":24},"pa_condition_repeater":[],"premium_tooltip_text":"Hi, I'm a global tooltip.","premium_tooltip_position":"top,bottom","premium_parallax_layers_list":[],"premium_gradient_colors_repeater":[],"premium_kenburns_repeater":[],"premium_lottie_repeater":[],"premium_blob_repeater":[],"pa_cursor_ftext":"Premium Follow Text","pa_badge_text":"New","ai":{"generator":"websitePlanner","baseTemplateId":"undefined","blockId":"undefined","requestIds":{"sessionId":"wp-session-99def954-cf59-4d95-845d-09dfc5c501e4","generateId":"wp-page-products-services","batchId":"wp-section-testimonial-carousel"}}},"elements":[{"id":"7c3a003c","settings":{"content_width":"full","width":{"unit":"%","size":33,"sizes":[]},"width_tablet":{"unit":"%","size":100,"sizes":[]},"width_mobile":{"unit":"%","size":"","sizes":[]},"min_height_tablet":{"unit":"px","size":220,"sizes":[]},"min_height_mobile":{"unit":"px","size":350,"sizes":[]},"flex_direction":"column","flex_direction_tablet":"row-reverse","flex_direction_mobile":"column","flex_justify_content":"space-around","background_background":"classic","padding":{"unit":"px","top":"24","right":"24","bottom":"24","left":"24","isLinked":true},"flex_gap":{"unit":"px","size":20,"sizes":[],"column":"20","row":"20","isLinked":true},"__globals__":{"background_color":"globals\/colors?id=backgroundAccent"},"pa_condition_repeater":[],"premium_tooltip_text":"Hi, I'm a global tooltip.","premium_tooltip_position":"top,bottom","premium_parallax_layers_list":[],"premium_gradient_colors_repeater":[],"premium_kenburns_repeater":[],"premium_lottie_repeater":[],"premium_blob_repeater":[],"pa_cursor_ftext":"Premium Follow Text","pa_badge_text":"New","ai":{"generator":"websitePlanner","baseTemplateId":"undefined","blockId":"undefined","requestIds":{"sessionId":"wp-session-99def954-cf59-4d95-845d-09dfc5c501e4","generateId":"wp-page-products-services","batchId":"wp-section-testimonial-carousel"}}},"elements":[{"id":"f785b82","settings":{"editor":"<p>Our clients consistently share positive experiences. They value our commitment to quality and the attention we provide. They appreciate how we listen and adapt to their needs, ensuring they are satisfied with every interaction.<\/p>","typography_font_size":{"unit":"px","size":16,"sizes":[]},"typography_font_weight":"400","typography_text_transform":"none","typography_font_style":"normal","typography_text_decoration":"none","typography_line_height":{"unit":"em","size":1.5,"sizes":[]},"typography_letter_spacing":{"unit":"px","size":0,"sizes":[]},"typography_font_size_tablet":{"unit":"px","size":14,"sizes":[]},"__globals__":{"text_color":"globals\/colors?id=text","typography_typography":"globals\/typography?id=text"},"pa_condition_repeater":[],"premium_tooltip_text":"Hi, I'm a global tooltip.","premium_tooltip_position":"top,bottom","pa_cursor_ftext":"Premium Follow Text","pa_badge_text":"New","premium_mscroll_repeater":[],"ai":{"generator":"websitePlanner","baseTemplateId":"undefined","blockId":"undefined","requestIds":{"sessionId":"wp-session-99def954-cf59-4d95-845d-09dfc5c501e4","generateId":"wp-page-products-services","batchId":"wp-section-testimonial-carousel"}}},"elements":[],"isInner":false,"widgetType":"text-editor","elType":"widget"},{"id":"4ebe5170","settings":{"content_width":"full","width_tablet":{"unit":"%","size":40,"sizes":[]},"width_mobile":{"unit":"%","size":"","sizes":[]},"flex_direction_tablet":"column-reverse","flex_direction_mobile":"column","flex_justify_content_tablet":"flex-end","flex_justify_content_mobile":"space-evenly","flex_gap":{"unit":"px","size":0,"sizes":[],"column":"0","row":"0","isLinked":true},"padding":{"unit":"px","top":"0","right":"0","bottom":"0","left":"0","isLinked":true},"_flex_size_tablet":"grow","pa_condition_repeater":[],"premium_tooltip_text":"Hi, I'm a global tooltip.","premium_tooltip_position":"top,bottom","premium_parallax_layers_list":[],"premium_gradient_colors_repeater":[],"premium_kenburns_repeater":[],"premium_lottie_repeater":[],"premium_blob_repeater":[],"pa_cursor_ftext":"Premium Follow Text","pa_badge_text":"New","ai":{"generator":"websitePlanner","baseTemplateId":"undefined","blockId":"undefined","requestIds":{"sessionId":"wp-session-99def954-cf59-4d95-845d-09dfc5c501e4","generateId":"wp-page-products-services","batchId":"wp-section-testimonial-carousel"}}},"elements":[{"id":"1559bd9","settings":{"star_style":"star_unicode","icon_size":{"unit":"px","size":22,"sizes":[]},"icon_space":{"unit":"px","size":4,"sizes":[]},"__globals__":{"stars_color":"globals\/colors?id=text"},"pa_condition_repeater":[],"premium_tooltip_text":"Hi, I'm a global tooltip.","premium_tooltip_position":"top,bottom","pa_cursor_ftext":"Premium Follow Text","pa_badge_text":"New","premium_mscroll_repeater":[],"ai":{"generator":"websitePlanner","baseTemplateId":"undefined","blockId":"undefined","requestIds":{"sessionId":"wp-session-99def954-cf59-4d95-845d-09dfc5c501e4","generateId":"wp-page-products-services","batchId":"wp-section-testimonial-carousel"}}},"elements":[],"isInner":false,"widgetType":"star-rating","elType":"widget"},{"id":"3237a3c5","settings":{"selected_icon":{"value":"","library":""},"title_text":"John Doe","description_text":"Excellent customer support and service.","text_align":"left","title_bottom_space":{"unit":"px","size":6,"sizes":[]},"title_typography_font_size":{"unit":"px","size":24,"sizes":[]},"title_typography_font_size_mobile":{"unit":"px","size":18,"sizes":[]},"title_typography_font_weight":"600","title_typography_text_transform":"none","title_typography_font_style":"normal","title_typography_text_decoration":"none","title_typography_line_height":{"unit":"custom","size":"140%","sizes":[]},"title_typography_letter_spacing":{"unit":"px","size":0,"sizes":[]},"_margin_mobile":{"unit":"px","top":"0","right":"0","bottom":"0","left":"0","isLinked":false},"_padding_mobile":{"unit":"px","top":"0","right":"0","bottom":"0","left":"0","isLinked":false},"_element_width_mobile":"inherit","_element_custom_width_tablet":{"unit":"%","size":50,"sizes":[]},"_element_custom_width_mobile":{"unit":"%","size":"","sizes":[]},"_flex_size_mobile":"none","title_typography_font_size_tablet":{"unit":"px","size":22,"sizes":[]},"title_typography_line_height_tablet":{"unit":"px","size":"","sizes":[]},"title_typography_line_height_mobile":{"unit":"px","size":"","sizes":[]},"description_typography_font_size":{"unit":"px","size":16,"sizes":[]},"description_typography_font_size_tablet":{"unit":"px","size":14,"sizes":[]},"description_typography_font_weight":"400","description_typography_text_transform":"none","description_typography_font_style":"normal","description_typography_text_decoration":"none","description_typography_line_height":{"unit":"em","size":1.5,"sizes":[]},"description_typography_letter_spacing":{"unit":"px","size":0,"sizes":[]},"__globals__":{"title_color":"globals\/colors?id=primary","title_typography_typography":"globals\/typography?id=primary","description_color":"globals\/colors?id=primary","description_typography_typography":"globals\/typography?id=text"},"pa_condition_repeater":[],"premium_tooltip_text":"Hi, I'm a global tooltip.","premium_tooltip_position":"top,bottom","pa_cursor_ftext":"Premium Follow Text","pa_badge_text":"New","premium_mscroll_repeater":[],"ai":{"generator":"websitePlanner","baseTemplateId":"undefined","blockId":"undefined","requestIds":{"sessionId":"wp-session-99def954-cf59-4d95-845d-09dfc5c501e4","generateId":"wp-page-products-services","batchId":"wp-section-testimonial-carousel"}}},"elements":[],"isInner":false,"widgetType":"icon-box","elType":"widget"}],"isInner":true,"elType":"container"}],"isInner":true,"elType":"container"},{"id":"1d373ead","settings":{"content_width":"full","width":{"unit":"%","size":33,"sizes":[]},"width_tablet":{"unit":"%","size":100,"sizes":[]},"width_mobile":{"unit":"%","size":"","sizes":[]},"min_height_tablet":{"unit":"px","size":220,"sizes":[]},"min_height_mobile":{"unit":"px","size":350,"sizes":[]},"flex_direction":"column","flex_direction_tablet":"row-reverse","flex_direction_mobile":"column","flex_justify_content":"space-around","background_background":"classic","padding":{"unit":"px","top":"24","right":"24","bottom":"24","left":"24","isLinked":true},"flex_gap":{"unit":"px","size":20,"sizes":[],"column":"20","row":"20","isLinked":true},"__globals__":{"background_color":"globals\/colors?id=backgroundAccent"},"pa_condition_repeater":[],"premium_tooltip_text":"Hi, I'm a global tooltip.","premium_tooltip_position":"top,bottom","premium_parallax_layers_list":[],"premium_gradient_colors_repeater":[],"premium_kenburns_repeater":[],"premium_lottie_repeater":[],"premium_blob_repeater":[],"pa_cursor_ftext":"Premium Follow Text","pa_badge_text":"New","ai":{"generator":"websitePlanner","baseTemplateId":"undefined","blockId":"undefined","requestIds":{"sessionId":"wp-session-99def954-cf59-4d95-845d-09dfc5c501e4","generateId":"wp-page-products-services","batchId":"wp-section-testimonial-carousel"}}},"elements":[{"id":"6c6eefda","settings":{"editor":"<p>Feedback from our customers highlights how we exceed their expectations. They appreciate our reliability, timely responses, and the quality of products offered. Their loyalty stems from our dedication to improving their experience.<\/p>","typography_font_size":{"unit":"px","size":16,"sizes":[]},"typography_font_weight":"400","typography_text_transform":"none","typography_font_style":"normal","typography_text_decoration":"none","typography_line_height":{"unit":"em","size":1.5,"sizes":[]},"typography_letter_spacing":{"unit":"px","size":0,"sizes":[]},"typography_font_size_tablet":{"unit":"px","size":14,"sizes":[]},"__globals__":{"text_color":"globals\/colors?id=text","typography_typography":"globals\/typography?id=text"},"pa_condition_repeater":[],"premium_tooltip_text":"Hi, I'm a global tooltip.","premium_tooltip_position":"top,bottom","pa_cursor_ftext":"Premium Follow Text","pa_badge_text":"New","premium_mscroll_repeater":[],"ai":{"generator":"websitePlanner","baseTemplateId":"undefined","blockId":"undefined","requestIds":{"sessionId":"wp-session-99def954-cf59-4d95-845d-09dfc5c501e4","generateId":"wp-page-products-services","batchId":"wp-section-testimonial-carousel"}}},"elements":[],"isInner":false,"widgetType":"text-editor","elType":"widget"},{"id":"2c09048f","settings":{"content_width":"full","width_tablet":{"unit":"%","size":40,"sizes":[]},"width_mobile":{"unit":"%","size":"","sizes":[]},"flex_direction_tablet":"column-reverse","flex_direction_mobile":"column","flex_justify_content_tablet":"flex-end","flex_justify_content_mobile":"space-evenly","flex_gap":{"unit":"px","size":0,"sizes":[],"column":"0","row":"0","isLinked":true},"padding":{"unit":"px","top":"0","right":"0","bottom":"0","left":"0","isLinked":true},"_flex_size_tablet":"grow","pa_condition_repeater":[],"premium_tooltip_text":"Hi, I'm a global tooltip.","premium_tooltip_position":"top,bottom","premium_parallax_layers_list":[],"premium_gradient_colors_repeater":[],"premium_kenburns_repeater":[],"premium_lottie_repeater":[],"premium_blob_repeater":[],"pa_cursor_ftext":"Premium Follow Text","pa_badge_text":"New","ai":{"generator":"websitePlanner","baseTemplateId":"undefined","blockId":"undefined","requestIds":{"sessionId":"wp-session-99def954-cf59-4d95-845d-09dfc5c501e4","generateId":"wp-page-products-services","batchId":"wp-section-testimonial-carousel"}}},"elements":[{"id":"4ecf1d96","settings":{"star_style":"star_unicode","icon_size":{"unit":"px","size":22,"sizes":[]},"icon_space":{"unit":"px","size":4,"sizes":[]},"__globals__":{"stars_color":"globals\/colors?id=text"},"pa_condition_repeater":[],"premium_tooltip_text":"Hi, I'm a global tooltip.","premium_tooltip_position":"top,bottom","pa_cursor_ftext":"Premium Follow Text","pa_badge_text":"New","premium_mscroll_repeater":[],"ai":{"generator":"websitePlanner","baseTemplateId":"undefined","blockId":"undefined","requestIds":{"sessionId":"wp-session-99def954-cf59-4d95-845d-09dfc5c501e4","generateId":"wp-page-products-services","batchId":"wp-section-testimonial-carousel"}}},"elements":[],"isInner":false,"widgetType":"star-rating","elType":"widget"},{"id":"567e5e38","settings":{"selected_icon":{"value":"","library":""},"title_text":"Jane Smith","description_text":"Reliable and quick service every time.","text_align":"left","title_bottom_space":{"unit":"px","size":6,"sizes":[]},"title_typography_font_size":{"unit":"px","size":24,"sizes":[]},"title_typography_font_size_mobile":{"unit":"px","size":18,"sizes":[]},"title_typography_font_weight":"600","title_typography_text_transform":"none","title_typography_font_style":"normal","title_typography_text_decoration":"none","title_typography_line_height":{"unit":"custom","size":"140%","sizes":[]},"title_typography_letter_spacing":{"unit":"px","size":0,"sizes":[]},"_margin_mobile":{"unit":"px","top":"0","right":"0","bottom":"0","left":"0","isLinked":false},"_padding_mobile":{"unit":"px","top":"0","right":"0","bottom":"0","left":"0","isLinked":false},"_element_width_mobile":"inherit","_element_custom_width_tablet":{"unit":"%","size":50,"sizes":[]},"_element_custom_width_mobile":{"unit":"%","size":"","sizes":[]},"_flex_size_mobile":"none","title_typography_font_size_tablet":{"unit":"px","size":22,"sizes":[]},"title_typography_line_height_tablet":{"unit":"px","size":"","sizes":[]},"title_typography_line_height_mobile":{"unit":"px","size":"","sizes":[]},"description_typography_font_size":{"unit":"px","size":16,"sizes":[]},"description_typography_font_size_tablet":{"unit":"px","size":14,"sizes":[]},"description_typography_font_weight":"400","description_typography_text_transform":"none","description_typography_font_style":"normal","description_typography_text_decoration":"none","description_typography_line_height":{"unit":"em","size":1.5,"sizes":[]},"description_typography_letter_spacing":{"unit":"px","size":0,"sizes":[]},"__globals__":{"title_color":"globals\/colors?id=primary","title_typography_typography":"globals\/typography?id=primary","description_color":"globals\/colors?id=primary","description_typography_typography":"globals\/typography?id=text"},"pa_condition_repeater":[],"premium_tooltip_text":"Hi, I'm a global tooltip.","premium_tooltip_position":"top,bottom","pa_cursor_ftext":"Premium Follow Text","pa_badge_text":"New","premium_mscroll_repeater":[],"ai":{"generator":"websitePlanner","baseTemplateId":"undefined","blockId":"undefined","requestIds":{"sessionId":"wp-session-99def954-cf59-4d95-845d-09dfc5c501e4","generateId":"wp-page-products-services","batchId":"wp-section-testimonial-carousel"}}},"elements":[],"isInner":false,"widgetType":"icon-box","elType":"widget"}],"isInner":true,"elType":"container"}],"isInner":true,"elType":"container"}],"isInner":true,"elType":"container"}],"isInner":false,"elType":"container"},{"id":"7af98174","settings":{"flex_gap":{"size":64,"unit":"px","column":"64","row":"64","isLinked":true},"custom_height":{"unit":"px","size":""},"content_position":"middle","padding":{"unit":"px","top":"100","right":"24","bottom":"100","left":"24","isLinked":false},"background_background":"classic","padding_tablet":{"unit":"px","top":"80","right":"16","bottom":"80","left":"16","isLinked":false},"padding_mobile":{"unit":"px","top":"48","right":"16","bottom":"48","left":"16","isLinked":false},"boxed_width":{"unit":"px","size":1280,"sizes":[]},"flex_direction":"column","flex_align_items":"flex-start","flex_gap_tablet":{"unit":"px","size":32,"sizes":[],"column":"32","row":"32","isLinked":true},"flex_gap_mobile":{"unit":"px","size":32,"sizes":[],"column":"32","row":"32","isLinked":true},"flex_justify_content":"space-between","margin":{"unit":"px","top":"0","right":"0","bottom":"0","left":"0","isLinked":false},"pa_condition_repeater":[],"premium_tooltip_text":"Hi, I'm a global tooltip.","premium_tooltip_position":"top,bottom","premium_parallax_layers_list":[],"premium_gradient_colors_repeater":[],"premium_kenburns_repeater":[],"premium_lottie_repeater":[],"premium_blob_repeater":[],"pa_cursor_ftext":"Premium Follow Text","pa_badge_text":"New","ai":{"generator":"websitePlanner","baseTemplateId":"undefined","blockId":"undefined","requestIds":{"sessionId":"wp-session-99def954-cf59-4d95-845d-09dfc5c501e4","generateId":"wp-page-products-services","batchId":"wp-section-faq-section"}}},"elements":[{"id":"385bd4c8","settings":{"_column_size":100,"width":{"size":50,"unit":"%"},"padding_tablet":{"unit":"px","top":"0","right":"0","bottom":"0","left":"0","isLinked":true},"align":"center","flex_gap":{"size":24,"unit":"px","column":"24","row":"24","isLinked":true},"flex_gap_mobile":{"size":16,"unit":"px","column":"16","row":"16","isLinked":true},"flex_direction":"column","flex_justify_content":"flex-start","flex_align_items":"flex-start","flex_align_items_mobile":"flex-start","flex_gap_tablet":{"unit":"px","size":16,"sizes":[],"column":"16","row":"16","isLinked":true},"boxed_width":{"unit":"px","size":1280,"sizes":[]},"pa_condition_repeater":[],"premium_tooltip_text":"Hi, I'm a global tooltip.","premium_tooltip_position":"top,bottom","premium_parallax_layers_list":[],"premium_gradient_colors_repeater":[],"premium_kenburns_repeater":[],"premium_lottie_repeater":[],"premium_blob_repeater":[],"pa_cursor_ftext":"Premium Follow Text","pa_badge_text":"New","ai":{"generator":"websitePlanner","baseTemplateId":"undefined","blockId":"undefined","requestIds":{"sessionId":"wp-session-99def954-cf59-4d95-845d-09dfc5c501e4","generateId":"wp-page-products-services","batchId":"wp-section-faq-section"}}},"elements":[{"id":"1a040910","settings":{"title":"FAQs","typography_font_size":{"unit":"px","size":48,"sizes":[]},"typography_font_weight":"600","typography_line_height":{"unit":"custom","size":"120%","sizes":[]},"typography_font_size_mobile":{"unit":"px","size":32,"sizes":[]},"typography_font_size_tablet":{"unit":"px","size":40,"sizes":[]},"typography_line_height_tablet":{"unit":"custom","size":"","sizes":[]},"typography_line_height_mobile":{"unit":"custom","size":"120%","sizes":[]},"typography_font_style":"normal","typography_text_decoration":"none","pa_condition_repeater":[],"premium_tooltip_text":"Hi, I'm a global tooltip.","premium_tooltip_position":"top,bottom","pa_cursor_ftext":"Premium Follow Text","pa_badge_text":"New","premium_mscroll_repeater":[],"__globals__":{"typography_typography":"globals\/typography?id=heading-l","title_color":"globals\/colors?id=primary"},"ai":{"generator":"websitePlanner","baseTemplateId":"undefined","blockId":"undefined","requestIds":{"sessionId":"wp-session-99def954-cf59-4d95-845d-09dfc5c501e4","generateId":"wp-page-products-services","batchId":"wp-section-faq-section"}}},"elements":[],"isInner":false,"widgetType":"heading","elType":"widget"},{"id":"163c8eb8","settings":{"title":"Lorem ipsum dolor sit amet, consectetur adipiscing elit. Suspendisse varius enim in.","header_size":"h5","typography_font_size":{"unit":"px","size":18,"sizes":[]},"typography_font_weight":"500","_margin":{"unit":"px","top":"0","right":"0","bottom":"0","left":"0","isLinked":false},"typography_font_size_mobile":{"unit":"px","size":16,"sizes":[]},"typography_line_height_mobile":{"unit":"px","size":"","sizes":[]},"_margin_tablet":{"unit":"px","top":"0","right":"0","bottom":"0","left":"0","isLinked":false},"_margin_mobile":{"unit":"px","top":"0","right":"0","bottom":"0","left":"0","isLinked":false},"typography_line_height":{"unit":"custom","size":"140%","sizes":[]},"typography_line_height_tablet":{"unit":"px","size":"","sizes":[]},"_padding":{"unit":"px","top":"0","right":"0","bottom":"0","left":"0","isLinked":false},"_padding_tablet":{"unit":"px","top":"0","right":"0","bottom":"0","left":"0","isLinked":false},"_padding_mobile":{"unit":"px","top":"0","right":"0","bottom":"0","left":"0","isLinked":false},"typography_font_size_tablet":{"unit":"px","size":18,"sizes":[]},"typography_text_transform":"none","typography_font_style":"normal","typography_text_decoration":"none","typography_letter_spacing":{"unit":"px","size":0,"sizes":[]},"typography_word_spacing":{"unit":"em","size":"","sizes":[]},"pa_condition_repeater":[],"premium_tooltip_text":"Hi, I'm a global tooltip.","premium_tooltip_position":"top,bottom","pa_cursor_ftext":"Premium Follow Text","pa_badge_text":"New","premium_mscroll_repeater":[],"__globals__":{"typography_typography":"globals\/typography?id=heading-s","title_color":"globals\/colors?id=text"},"ai":{"generator":"websitePlanner","baseTemplateId":"undefined","blockId":"undefined","requestIds":{"sessionId":"wp-session-99def954-cf59-4d95-845d-09dfc5c501e4","generateId":"wp-page-products-services","batchId":"wp-section-faq-section"}}},"elements":[],"isInner":false,"widgetType":"heading","elType":"widget"}],"isInner":true,"elType":"container"},{"id":"5c45edde","settings":{"flex_direction":"row","boxed_width":{"unit":"px","size":1280,"sizes":[]},"flex_align_items":"flex-end","flex_gap":{"column":"48","row":"48","isLinked":true,"unit":"px","size":48},"flex_direction_mobile":"column-reverse","pa_condition_repeater":[],"premium_tooltip_text":"Hi, I'm a global tooltip.","premium_tooltip_position":"top,bottom","premium_parallax_layers_list":[],"premium_gradient_colors_repeater":[],"premium_kenburns_repeater":[],"premium_lottie_repeater":[],"premium_blob_repeater":[],"pa_cursor_ftext":"Premium Follow Text","pa_badge_text":"New","ai":{"generator":"websitePlanner","baseTemplateId":"undefined","blockId":"undefined","requestIds":{"sessionId":"wp-session-99def954-cf59-4d95-845d-09dfc5c501e4","generateId":"wp-page-products-services","batchId":"wp-section-faq-section"}}},"elements":[{"id":"4f0b7e9f","settings":{"content_width":"full","width":{"unit":"%","size":50,"sizes":[]},"boxed_width":{"unit":"%","size":"","sizes":[]},"boxed_width_tablet":{"unit":"%","size":"","sizes":[]},"boxed_width_mobile":{"unit":"%","size":"","sizes":[]},"padding":{"unit":"px","top":"24","right":"24","bottom":"24","left":"24","isLinked":true},"background_overlay_background":"classic","__globals__":{"background_overlay_color":"globals\/colors?id=backgroundAccent"},"pa_condition_repeater":[],"premium_tooltip_text":"Hi, I'm a global tooltip.","premium_tooltip_position":"top,bottom","premium_parallax_layers_list":[],"premium_gradient_colors_repeater":[],"premium_kenburns_repeater":[],"premium_lottie_repeater":[],"premium_blob_repeater":[],"pa_cursor_ftext":"Premium Follow Text","pa_badge_text":"New","ai":{"generator":"websitePlanner","baseTemplateId":"undefined","blockId":"undefined","requestIds":{"sessionId":"wp-session-99def954-cf59-4d95-845d-09dfc5c501e4","generateId":"wp-page-products-services","batchId":"wp-section-faq-section"}}},"elements":[{"id":"5db7421b","settings":{"title":"Do you have different questions?","typography_font_size":{"unit":"px","size":24,"sizes":[]},"typography_font_weight":"600","typography_line_height":{"unit":"custom","size":"140%","sizes":[]},"typography_font_size_mobile":{"unit":"px","size":18,"sizes":[]},"typography_font_size_tablet":{"unit":"px","size":22,"sizes":[]},"typography_line_height_tablet":{"unit":"px","size":"","sizes":[]},"typography_line_height_mobile":{"unit":"px","size":"","sizes":[]},"typography_text_transform":"none","typography_font_style":"normal","typography_text_decoration":"none","typography_letter_spacing":{"unit":"px","size":0,"sizes":[]},"__globals__":{"typography_typography":"globals\/typography?id=primary","title_color":"globals\/colors?id=primary"},"pa_condition_repeater":[],"premium_tooltip_text":"Hi, I'm a global tooltip.","premium_tooltip_position":"top,bottom","pa_cursor_ftext":"Premium Follow Text","pa_badge_text":"New","premium_mscroll_repeater":[],"ai":{"generator":"websitePlanner","baseTemplateId":"undefined","blockId":"undefined","requestIds":{"sessionId":"wp-session-99def954-cf59-4d95-845d-09dfc5c501e4","generateId":"wp-page-products-services","batchId":"wp-section-faq-section"}}},"elements":[],"isInner":false,"widgetType":"heading","elType":"widget"},{"id":"3626f712","settings":{"editor":"<p>Lorem ipsum dolor sit amet, consectetur adipiscing elit. Suspendisse varius enim in eros elementum tristique. Duis cursus, mi quis viverra ornare, eros dolor interdum nulla, ut commodo diam libero vitae erat. Suspendisse varius enim in eros elementum tristique. Duis cursus, mi quis viverra ornare, eros dolor interdum nulla.<\/p>","typography_font_size":{"unit":"px","size":16,"sizes":[]},"typography_font_weight":"400","typography_line_height":{"unit":"em","size":1.5,"sizes":[]},"_margin":{"unit":"px","top":"0","right":"0","bottom":"-10","left":"0","isLinked":false},"typography_font_size_tablet":{"unit":"px","size":14,"sizes":[]},"typography_text_transform":"none","typography_font_style":"normal","typography_text_decoration":"none","typography_letter_spacing":{"unit":"px","size":0,"sizes":[]},"pa_condition_repeater":[],"premium_tooltip_text":"Hi, I'm a global tooltip.","premium_tooltip_position":"top,bottom","pa_cursor_ftext":"Premium Follow Text","pa_badge_text":"New","premium_mscroll_repeater":[],"__globals__":{"typography_typography":"globals\/typography?id=text","text_color":"globals\/colors?id=text"},"ai":{"generator":"websitePlanner","baseTemplateId":"undefined","blockId":"undefined","requestIds":{"sessionId":"wp-session-99def954-cf59-4d95-845d-09dfc5c501e4","generateId":"wp-page-products-services","batchId":"wp-section-faq-section"}}},"elements":[],"isInner":false,"widgetType":"text-editor","elType":"widget"},{"id":"2a096330","settings":{"text":"Button","_element_width":"auto","border_border":"solid","border_width":{"unit":"px","top":"1","right":"1","bottom":"1","left":"1","isLinked":"1"},"border_radius":{"unit":"px","top":"","right":"","bottom":"","left":"","isLinked":"1"},"text_padding":{"unit":"px","top":"12","right":"24","bottom":"12","left":"24","isLinked":""},"text_padding_mobile":{"unit":"px","top":"12","right":"24","bottom":"12","left":"24","isLinked":""},"_margin_mobile":{"unit":"px","top":"0","right":"0","bottom":"0","left":"0","isLinked":""},"typography_font_size":{"unit":"px","size":16,"sizes":[]},"typography_font_weight":"400","typography_text_transform":"capitalize","typography_font_style":"normal","typography_text_decoration":"none","typography_line_height":{"unit":"custom","size":"150%","sizes":[]},"typography_font_size_mobile":{"unit":"px","size":15,"sizes":[]},"_margin_tablet":{"unit":"px","top":"0","right":"0","bottom":"0","left":"0","isLinked":false},"_element_custom_width":{"unit":"%","size":15,"sizes":[]},"icon_indent":{"unit":"px","size":0,"sizes":[]},"typography_font_size_tablet":{"unit":"px","size":14,"sizes":[]},"typography_line_height_tablet":{"unit":"px","size":"","sizes":[]},"typography_line_height_mobile":{"unit":"px","size":"","sizes":[]},"button_background_hover_background":"","_flex_align_self":"flex-start","__globals__":{"hover_color":"","button_background_hover_color":"","button_hover_border_color":"","button_text_color":"globals\/colors?id=background","border_color":"globals\/colors?id=accent","background_color":"globals\/colors?id=accent","typography_typography":"globals\/typography?id=text"},"pa_condition_repeater":[],"premium_tooltip_text":"Hi, I'm a global tooltip.","premium_tooltip_position":"top,bottom","pa_cursor_ftext":"Premium Follow Text","pa_badge_text":"New","premium_mscroll_repeater":[],"ai":{"generator":"websitePlanner","baseTemplateId":"undefined","blockId":"undefined","requestIds":{"sessionId":"wp-session-99def954-cf59-4d95-845d-09dfc5c501e4","generateId":"wp-page-products-services","batchId":"wp-section-faq-section"}}},"elements":[],"isInner":false,"widgetType":"button","elType":"widget"}],"isInner":true,"elType":"container"},{"id":"6d376d8c","settings":{"_column_size":100,"width":{"size":50,"unit":"%"},"padding_tablet":{"unit":"px","top":"0","right":"0","bottom":"0","left":"0","isLinked":true},"align":"center","flex_gap":{"size":24,"unit":"px","column":"24","row":"24","isLinked":true},"flex_gap_mobile":{"size":16,"unit":"px","column":"16","row":"16","isLinked":true},"content_width":"full","flex_direction":"column","flex_justify_content":"flex-start","flex_align_items":"flex-start","flex_align_items_mobile":"flex-start","flex_gap_tablet":{"unit":"px","size":16,"sizes":[],"column":"16","row":"16","isLinked":true},"margin":{"unit":"px","top":"0","right":"0","bottom":"0","left":"0","isLinked":false},"padding":{"unit":"px","top":"0","right":"0","bottom":"0","left":"0","isLinked":false},"pa_condition_repeater":[],"premium_tooltip_text":"Hi, I'm a global tooltip.","premium_tooltip_position":"top,bottom","premium_parallax_layers_list":[],"premium_gradient_colors_repeater":[],"premium_kenburns_repeater":[],"premium_lottie_repeater":[],"premium_blob_repeater":[],"pa_cursor_ftext":"Premium Follow Text","pa_badge_text":"New","ai":{"generator":"websitePlanner","baseTemplateId":"undefined","blockId":"undefined","requestIds":{"sessionId":"wp-session-99def954-cf59-4d95-845d-09dfc5c501e4","generateId":"wp-page-products-services","batchId":"wp-section-faq-section"}}},"elements":[{"id":"72a47e99","settings":{"tabs":[{"tab_title":"Question text goes here","tab_content":"<p>Lorem ipsum dolor sit amet, consectetur adipiscing elit. Suspendisse varius enim in eros elementum tristique. Duis cursus, mi quis viverra ornare, eros dolor interdum nulla, ut commodo diam libero vitae erat. Aenean faucibus nibh et justo cursus id rutrum lorem imperdiet. Nunc ut sem vitae risus tristique posuere.<\/p>","_id":"9ee9b18"},{"tab_title":"Question text goes here","tab_content":"<p>Lorem ipsum dolor sit amet, consectetur adipiscing elit. Suspendisse varius enim in eros elementum tristique. Duis cursus, mi quis viverra ornare, eros dolor interdum nulla, ut commodo diam libero vitae erat. Aenean faucibus nibh et justo cursus id rutrum lorem imperdiet. Nunc ut sem vitae risus tristique posuere.<\/p>","_id":"b2a69b6"},{"tab_title":"Question text goes here","tab_content":"<p>Lorem ipsum dolor sit amet, consectetur adipiscing elit. Suspendisse varius enim in eros elementum tristique. Duis cursus, mi quis viverra ornare, eros dolor interdum nulla, ut commodo diam libero vitae erat. Aenean faucibus nibh et justo cursus id rutrum lorem imperdiet. Nunc ut sem vitae risus tristique posuere.<\/p>","_id":"5fedc62"},{"tab_title":"Question text goes here","tab_content":"<p>Lorem ipsum dolor sit amet, consectetur adipiscing elit. Suspendisse varius enim in eros elementum tristique. Duis cursus, mi quis viverra ornare, eros dolor interdum nulla, ut commodo diam libero vitae erat. Aenean faucibus nibh et justo cursus id rutrum lorem imperdiet. Nunc ut sem vitae risus tristique posuere.<\/p>","_id":"a1bcb69"},{"tab_title":"Question text goes here","tab_content":"<p>Lorem ipsum dolor sit amet, consectetur adipiscing elit. Suspendisse varius enim in eros elementum tristique. Duis cursus, mi quis viverra ornare, eros dolor interdum nulla, ut commodo diam libero vitae erat. Aenean faucibus nibh et justo cursus id rutrum lorem imperdiet. Nunc ut sem vitae risus tristique posuere.<\/p>","_id":"d42d999"}],"border_width":{"unit":"px","size":1},"space_between":{"unit":"px","size":16},"box_shadow_box_shadow_type":"yes","box_shadow_box_shadow":{"horizontal":0,"vertical":0,"blur":0,"spread":0,"color":"rgba(1.9999999999999567, 0.9999999999999784, 0.9999999999999784, 0)"},"title_padding":{"unit":"px","top":"32","right":"24","bottom":"32","left":"0","isLinked":false},"icon_align":"right","content_padding":{"unit":"px","top":"0","right":"36","bottom":"16","left":"0","isLinked":false},"title_typography_font_size":{"unit":"px","size":18,"sizes":[]},"title_typography_font_weight":"500","title_typography_text_transform":"none","content_typography_font_size":{"unit":"px","size":16,"sizes":[]},"content_typography_font_weight":"400","content_typography_line_height":{"unit":"em","size":1.5,"sizes":[]},"_border_width":{"unit":"px","top":"1","right":"0","bottom":"0","left":"0","isLinked":false},"content_background_color":"rgba(25,25,25,0)","_padding_mobile":{"unit":"px","top":"0","right":"0","bottom":"0","left":"0","isLinked":false},"space_between_mobile":{"unit":"px","size":0,"sizes":[]},"title_typography_font_size_mobile":{"unit":"px","size":16,"sizes":[]},"title_padding_mobile":{"unit":"px","top":"24","right":"0","bottom":"24","left":"0","isLinked":false},"content_padding_mobile":{"unit":"px","top":"0","right":"0","bottom":"10","left":"0","isLinked":false},"_border_border":"solid","title_typography_font_size_tablet":{"unit":"px","size":18,"sizes":[]},"title_typography_font_style":"normal","title_typography_text_decoration":"none","title_typography_line_height":{"unit":"custom","size":"140%","sizes":[]},"title_typography_line_height_tablet":{"unit":"px","size":"","sizes":[]},"title_typography_line_height_mobile":{"unit":"px","size":"","sizes":[]},"title_typography_letter_spacing":{"unit":"px","size":0,"sizes":[]},"title_typography_word_spacing":{"unit":"em","size":"","sizes":[]},"content_typography_font_size_tablet":{"unit":"px","size":14,"sizes":[]},"content_typography_text_transform":"none","content_typography_font_style":"normal","content_typography_text_decoration":"none","content_typography_letter_spacing":{"unit":"px","size":0,"sizes":[]},"pa_condition_repeater":[],"premium_tooltip_text":"Hi, I'm a global tooltip.","premium_tooltip_position":"top,bottom","pa_cursor_ftext":"Premium Follow Text","pa_badge_text":"New","premium_mscroll_repeater":[],"__globals__":{"title_typography_typography":"globals\/typography?id=heading-s","content_typography_typography":"globals\/typography?id=text","title_color":"globals\/colors?id=primary","border_color":"globals\/colors?id=primary","title_background":"globals\/colors?id=transparent","icon_color":"globals\/colors?id=primary","icon_active_color":"globals\/colors?id=text","content_color":"globals\/colors?id=text","_background_color":"globals\/colors?id=background","tab_active_color":"globals\/colors?id=primary","_border_color":"globals\/colors?id=primary"},"ai":{"generator":"websitePlanner","baseTemplateId":"undefined","blockId":"undefined","requestIds":{"sessionId":"wp-session-99def954-cf59-4d95-845d-09dfc5c501e4","generateId":"wp-page-products-services","batchId":"wp-section-faq-section"}}},"elements":[],"isInner":false,"widgetType":"toggle","elType":"widget"}],"isInner":true,"elType":"container"}],"isInner":true,"elType":"container"}],"isInner":false,"elType":"container"}],"settings":{"template":"default"},"metadata":[]}