{"content":[{"id":"5516f5b7","settings":{"flex_direction":"row","flex_gap":{"size":80,"unit":"px","column":"80","row":"80","isLinked":true},"content_width":"full","boxed_width":{"unit":"px","size":1280,"sizes":[]},"min_height":{"unit":"vh","size":100},"min_height_tablet":{"unit":"vh","size":""},"min_height_mobile":{"unit":"vh","size":0},"flex_direction_tablet":"row","flex_direction_mobile":"column","flex_justify_content":"center","flex_justify_content_tablet":"center","flex_justify_content_mobile":"center","flex_align_items":"center","flex_align_items_mobile":"center","flex_gap_tablet":{"unit":"px","size":32,"sizes":[],"column":"32","row":"32","isLinked":true},"background_background":"classic","background_position":"center center","background_size":"cover","padding":{"unit":"px","top":"0","right":"0","bottom":"0","left":"0","isLinked":false},"padding_tablet":{"unit":"px","top":"48","right":"0","bottom":"48","left":"0","isLinked":false},"padding_mobile":{"unit":"px","top":"16","right":"16","bottom":"16","left":"16","isLinked":true},"__globals__":{"background_color":"","background_overlay_color":"globals\/colors?id=primary"},"pa_condition_repeater":[],"premium_tooltip_text":"Hi, I'm a global tooltip.","premium_tooltip_position":"top,bottom","premium_parallax_layers_list":[],"premium_gradient_colors_repeater":[],"premium_kenburns_repeater":[],"premium_lottie_repeater":[],"premium_blob_repeater":[],"pa_cursor_ftext":"Premium Follow Text","pa_badge_text":"New","background_image":{"id":567605,"url":"https:\/\/qdpenjjp.elementor.cloud\/wp-content\/uploads\/2025\/06\/wireframe-img-3.png"},"ai":{"generator":"websitePlanner","baseTemplateId":"undefined","blockId":"undefined","requestIds":{"sessionId":"wp-session-99def954-cf59-4d95-845d-09dfc5c501e4","generateId":"wp-page-home","batchId":"wp-section-hero-section"}},"_title":"Hero Section"},"elements":[{"id":"57b8bcd4","settings":{"flex_direction":"column","content_width":"full","width":{"unit":"%","size":45},"pa_condition_repeater":[],"premium_tooltip_text":"Hi, I'm a global tooltip.","premium_tooltip_position":"top,bottom","premium_parallax_layers_list":[],"premium_gradient_colors_repeater":[],"premium_kenburns_repeater":[],"premium_lottie_repeater":[],"premium_blob_repeater":[],"pa_cursor_ftext":"Premium Follow Text","pa_badge_text":"New","flex_gap":{"column":"24","row":"24","isLinked":true,"unit":"px","size":24},"width_tablet":{"unit":"%","size":60,"sizes":[]},"width_mobile":{"unit":"%","size":"","sizes":[]},"background_background":"classic","padding":{"unit":"px","top":"48","right":"48","bottom":"48","left":"48","isLinked":true},"padding_mobile":{"unit":"px","top":"16","right":"16","bottom":"16","left":"16","isLinked":true},"ai":{"generator":"websitePlanner","baseTemplateId":"undefined","blockId":"undefined","requestIds":{"sessionId":"wp-session-99def954-cf59-4d95-845d-09dfc5c501e4","generateId":"wp-page-home","batchId":"wp-section-hero-section"}},"__globals__":{"background_color":"globals\/colors?id=background"}},"elements":[{"id":"662ff296","settings":{"title":"Empowering Your Devices","header_size":"h5","typography_font_size":{"unit":"px","size":18,"sizes":[]},"typography_font_weight":"500","align":"center","typography_font_size_tablet":{"unit":"px","size":18,"sizes":[]},"typography_font_size_mobile":{"unit":"px","size":16,"sizes":[]},"typography_text_transform":"none","typography_font_style":"normal","typography_text_decoration":"none","typography_line_height":{"unit":"custom","size":"140%","sizes":[]},"typography_line_height_tablet":{"unit":"px","size":"","sizes":[]},"typography_line_height_mobile":{"unit":"px","size":"","sizes":[]},"typography_letter_spacing":{"unit":"px","size":0,"sizes":[]},"typography_word_spacing":{"unit":"em","size":"","sizes":[]},"pa_condition_repeater":[],"premium_tooltip_text":"Hi, I'm a global tooltip.","premium_tooltip_position":"top,bottom","pa_cursor_ftext":"Premium Follow Text","pa_badge_text":"New","premium_mscroll_repeater":[],"__globals__":{"typography_typography":"globals\/typography?id=heading-s","title_color":"globals\/colors?id=text"},"ai":{"generator":"websitePlanner","baseTemplateId":"undefined","blockId":"undefined","requestIds":{"sessionId":"wp-session-99def954-cf59-4d95-845d-09dfc5c501e4","generateId":"wp-page-home","batchId":"wp-section-hero-section"}}},"elements":[],"isInner":false,"widgetType":"heading","elType":"widget"},{"id":"16960f14","settings":{"title":"Discover Reliable Power Solutions for Today\u2019s Life","align":"center","typography_font_size":{"unit":"px","size":48},"typography_font_weight":"600","align_mobile":"center","typography_font_size_tablet":{"unit":"px","size":40},"typography_font_size_mobile":{"unit":"px","size":32},"typography_line_height_tablet":{"unit":"custom","size":" "},"typography_line_height":{"unit":"custom","size":"1.2","sizes":[]},"typography_line_height_mobile":{"unit":"custom","size":"","sizes":[]},"_margin":{"unit":"px","top":"0","right":"0","bottom":"0","left":"0","isLinked":false},"pa_condition_repeater":[],"premium_tooltip_text":"Hi, I'm a global tooltip.","premium_tooltip_position":"top,bottom","pa_cursor_ftext":"Premium Follow Text","pa_badge_text":"New","premium_mscroll_repeater":[],"header_size":"h1","ai":{"generator":"websitePlanner","baseTemplateId":"undefined","blockId":"undefined","requestIds":{"sessionId":"wp-session-99def954-cf59-4d95-845d-09dfc5c501e4","generateId":"wp-page-home","batchId":"wp-section-hero-section"}},"__globals__":{"title_color":"globals\/colors?id=primary","typography_typography":"globals\/typography?id=heading-l"}},"elements":[],"isInner":false,"widgetType":"heading","elType":"widget"},{"id":"6222ed5e","settings":{"editor":"<p>At BatteryPlus, we provide high-quality batteries that meet your needs for everyday devices. Our products combine durability and performance, ensuring you stay powered up when it counts. Explore our range for reliable energy solutions that fit your lifestyle.<\/p>","align":"center","typography_font_size":{"unit":"px","size":16},"typography_font_weight":"400","typography_line_height":{"unit":"custom","size":"1.5"},"_margin":{"unit":"px","top":"0","right":"0","bottom":"-10","left":"0","isLinked":false},"typography_font_size_mobile":{"unit":"px","size":16,"sizes":[]},"typography_line_height_tablet":{"unit":"custom","size":"1.5","sizes":[]},"typography_line_height_mobile":{"unit":"custom","size":"","sizes":[]},"pa_condition_repeater":[],"premium_tooltip_text":"Hi, I'm a global tooltip.","premium_tooltip_position":"top,bottom","pa_cursor_ftext":"Premium Follow Text","pa_badge_text":"New","premium_mscroll_repeater":[],"ai":{"generator":"websitePlanner","baseTemplateId":"undefined","blockId":"undefined","requestIds":{"sessionId":"wp-session-99def954-cf59-4d95-845d-09dfc5c501e4","generateId":"wp-page-home","batchId":"wp-section-hero-section"}},"__globals__":{"text_color":"globals\/colors?id=text","typography_typography":"globals\/typography?id=text"}},"elements":[],"isInner":false,"widgetType":"text-editor","elType":"widget"},{"id":"2a48f152","settings":{"text":"Shop Now","_element_width":"auto","border_border":"solid","border_width":{"unit":"px","top":"1","right":"1","bottom":"1","left":"1","isLinked":"1"},"border_radius":{"unit":"px","top":"","right":"","bottom":"","left":"","isLinked":"1"},"text_padding":{"unit":"px","top":"12","right":"24","bottom":"12","left":"24","isLinked":""},"__globals__":{"button_text_color":"globals\/colors?id=backgroundAccent","hover_color":"","button_background_hover_color":"","button_hover_border_color":"","border_color":"globals\/colors?id=accent","background_color":"globals\/colors?id=accent","typography_typography":"globals\/typography?id=text"},"text_padding_mobile":{"unit":"px","top":"12","right":"24","bottom":"12","left":"24","isLinked":""},"_margin_mobile":{"unit":"px","top":"0","right":"0","bottom":"0","left":"0","isLinked":""},"typography_font_size":{"unit":"px","size":16,"sizes":[]},"typography_font_weight":"400","typography_text_transform":"capitalize","typography_font_style":"normal","typography_text_decoration":"none","typography_line_height":{"unit":"custom","size":"150%","sizes":[]},"typography_font_size_mobile":{"unit":"px","size":15,"sizes":[]},"_margin_tablet":{"unit":"px","top":"0","right":"0","bottom":"0","left":"0","isLinked":false},"_element_custom_width":{"unit":"%","size":15,"sizes":[]},"icon_indent":{"unit":"px","size":0,"sizes":[]},"typography_font_size_tablet":{"unit":"px","size":14,"sizes":[]},"typography_line_height_tablet":{"unit":"px","size":"","sizes":[]},"typography_line_height_mobile":{"unit":"px","size":"","sizes":[]},"button_background_hover_background":"","_flex_align_self":"center","pa_condition_repeater":[],"premium_tooltip_text":"Hi, I'm a global tooltip.","premium_tooltip_position":"top,bottom","pa_cursor_ftext":"Premium Follow Text","pa_badge_text":"New","premium_mscroll_repeater":[],"ai":{"generator":"websitePlanner","baseTemplateId":"undefined","blockId":"undefined","requestIds":{"sessionId":"wp-session-99def954-cf59-4d95-845d-09dfc5c501e4","generateId":"wp-page-home","batchId":"wp-section-hero-section"}}},"elements":[],"isInner":false,"widgetType":"button","elType":"widget"}],"isInner":true,"elType":"container"}],"isInner":false,"elType":"container"},{"id":"666425ac","settings":{"padding":{"top":"100","left":"24","unit":"px","right":"24","bottom":"100","isLinked":false},"flex_gap":{"size":24,"unit":"px","sizes":[],"column":"24","row":"42","isLinked":false},"boxed_width":{"size":1280,"unit":"px","sizes":[]},"flex_direction":"column","padding_mobile":{"top":"48","left":"16","unit":"px","right":"16","bottom":"48","isLinked":false},"padding_tablet":{"top":"80","left":"16","unit":"px","right":"16","bottom":"80","isLinked":false},"flex_gap_mobile":{"size":45,"unit":"px","sizes":[],"column":"45","row":"45","isLinked":true},"flex_align_items":"center","flex_justify_content":"center","flex_align_items_mobile":"center","flex_align_items_tablet":"center","flex_justify_content_tablet":"center","container_type":"grid","presetTitle":"Grid","presetIcon":"eicon-container-grid","ai":{"generator":"websitePlanner","baseTemplateId":"undefined","blockId":"undefined","requestIds":{"sessionId":"wp-session-99def954-cf59-4d95-845d-09dfc5c501e4","generateId":"wp-page-home","batchId":"wp-section-services-overview"}},"_title":"Our Services"},"elements":[{"id":"5c1cb5b8","settings":{"padding":{"top":"23","left":"23","unit":"px","right":"23","bottom":"23","isLinked":true},"flex_gap":{"size":24,"unit":"px","sizes":[],"column":"24","row":"24","isLinked":true},"boxed_width":{"size":"","unit":"%","sizes":[]},"content_width":"full","flex_gap_mobile":{"size":16,"unit":"px","sizes":[],"column":"16","row":"16","isLinked":true},"flex_gap_tablet":{"size":16,"unit":"px","sizes":[],"column":"16","row":"16","isLinked":true},"boxed_width_mobile":{"size":"","unit":"%","sizes":[]},"boxed_width_tablet":{"size":"","unit":"%","sizes":[]},"flex_justify_content_tablet":"center","background_background":"classic","__globals__":{"background_color":"globals\/colors?id=backgroundAccent","border_color":"globals\/colors?id=accent"},"ai":{"generator":"websitePlanner","baseTemplateId":"undefined","blockId":"undefined","requestIds":{"sessionId":"wp-session-99def954-cf59-4d95-845d-09dfc5c501e4","generateId":"wp-page-home","batchId":"wp-section-services-overview"}}},"elements":[{"id":"53596108","settings":{"_margin":{"unit":"px","top":"0","right":"0","bottom":"0","left":"0","isLinked":false},"_padding":{"unit":"px","top":"0","right":"0","bottom":"0","left":"0","isLinked":false},"icon_size":{"unit":"px","size":35,"sizes":[]},"title_text":"Battery Repair","_padding_tablet":{"unit":"px","top":"0","right":"0","bottom":"0","left":"0","isLinked":false},"position_tablet":"top","description_text":"Expert battery replacement for various devices, ensuring optimal performance and longevity.","icon_space_tablet":{"unit":"px","size":10,"sizes":[]},"title_bottom_space":{"unit":"px","size":10,"sizes":[]},"_element_custom_width":{"unit":"%","size":50,"sizes":[]},"title_typography_font_size":{"unit":"px","size":20,"sizes":[]},"title_typography_typography":"custom","title_typography_font_family":"Poppins","title_typography_font_weight":"600","description_typography_font_size":{"unit":"px","size":16,"sizes":[]},"description_typography_font_weight":"400","description_typography_font_size_tablet":{"unit":"px","size":14,"sizes":[]},"position":"","ai":{"generator":"websitePlanner","baseTemplateId":"undefined","blockId":"undefined","requestIds":{"sessionId":"wp-session-99def954-cf59-4d95-845d-09dfc5c501e4","generateId":"wp-page-home","batchId":"wp-section-services-overview"}},"__globals__":{"title_color":"globals\/colors?id=primary","primary_color":"globals\/colors?id=accent","description_color":"globals\/colors?id=text","description_typography_typography":"globals\/typography?id=text"}},"elements":[],"isInner":false,"widgetType":"icon-box","elType":"widget"},{"id":"2f11568e","settings":{"text":"Learn More","_element_width":"auto","border_border":"solid","border_width":{"unit":"px","top":"1","right":"1","bottom":"1","left":"1","isLinked":"1"},"border_radius":{"unit":"px","top":"","right":"","bottom":"","left":"","isLinked":"1"},"text_padding":{"unit":"px","top":"12","right":"24","bottom":"12","left":"24","isLinked":""},"__globals__":{"button_text_color":"globals\/colors?id=primary","hover_color":"","button_background_hover_color":"","button_hover_border_color":"","border_color":"globals\/colors?id=primary","background_color":"globals\/colors?id=transparent","typography_typography":"globals\/typography?id=text"},"text_padding_mobile":{"unit":"px","top":"12","right":"24","bottom":"12","left":"24","isLinked":""},"typography_font_size":{"unit":"px","size":16,"sizes":[]},"typography_font_weight":"400","typography_text_transform":"capitalize","typography_font_style":"normal","typography_text_decoration":"none","typography_line_height":{"unit":"custom","size":"150%","sizes":[]},"typography_font_size_mobile":{"unit":"px","size":15,"sizes":[]},"_element_custom_width":{"unit":"%","size":15,"sizes":[]},"icon_indent":{"unit":"px","size":0,"sizes":[]},"typography_font_size_tablet":{"unit":"px","size":14,"sizes":[]},"typography_line_height_tablet":{"unit":"px","size":"","sizes":[]},"typography_line_height_mobile":{"unit":"px","size":"","sizes":[]},"button_background_hover_background":"","pa_condition_repeater":[],"premium_tooltip_text":"Hi, I'm a global tooltip.","premium_tooltip_position":"top,bottom","pa_cursor_ftext":"Premium Follow Text","pa_badge_text":"New","premium_mscroll_repeater":[],"align":"center","content_width":"full","ai":{"generator":"websitePlanner","baseTemplateId":"undefined","blockId":"undefined","requestIds":{"sessionId":"wp-session-99def954-cf59-4d95-845d-09dfc5c501e4","generateId":"wp-page-home","batchId":"wp-section-services-overview"}}},"elements":[],"isInner":false,"widgetType":"button","elType":"widget"}],"isInner":true,"elType":"container"},{"id":"5c05b41a","settings":{"padding":{"top":"23","left":"23","unit":"px","right":"23","bottom":"23","isLinked":true},"flex_gap":{"size":24,"unit":"px","sizes":[],"column":"24","row":"24","isLinked":true},"boxed_width":{"size":"","unit":"%","sizes":[]},"content_width":"full","flex_gap_mobile":{"size":16,"unit":"px","sizes":[],"column":"16","row":"16","isLinked":true},"flex_gap_tablet":{"size":16,"unit":"px","sizes":[],"column":"16","row":"16","isLinked":true},"boxed_width_mobile":{"size":"","unit":"%","sizes":[]},"boxed_width_tablet":{"size":"","unit":"%","sizes":[]},"flex_justify_content_tablet":"center","background_background":"classic","__globals__":{"background_color":"globals\/colors?id=backgroundAccent","border_color":"globals\/colors?id=accent"},"ai":{"generator":"websitePlanner","baseTemplateId":"undefined","blockId":"undefined","requestIds":{"sessionId":"wp-session-99def954-cf59-4d95-845d-09dfc5c501e4","generateId":"wp-page-home","batchId":"wp-section-services-overview"}}},"elements":[{"id":"174e4348","settings":{"_margin":{"unit":"px","top":"0","right":"0","bottom":"0","left":"0","isLinked":false},"_padding":{"unit":"px","top":"0","right":"0","bottom":"0","left":"0","isLinked":false},"icon_size":{"unit":"px","size":35,"sizes":[]},"title_text":"Device Diagnostics","_padding_tablet":{"unit":"px","top":"0","right":"0","bottom":"0","left":"0","isLinked":false},"position_tablet":"top","description_text":"Comprehensive assessment to identify issues and recommend the best solutions for your devices.","icon_space_tablet":{"unit":"px","size":10,"sizes":[]},"title_bottom_space":{"unit":"px","size":10,"sizes":[]},"_element_custom_width":{"unit":"%","size":50,"sizes":[]},"title_typography_font_size":{"unit":"px","size":20,"sizes":[]},"title_typography_typography":"custom","title_typography_font_family":"Poppins","title_typography_font_weight":"600","description_typography_font_size":{"unit":"px","size":16,"sizes":[]},"description_typography_font_weight":"400","description_typography_font_size_tablet":{"unit":"px","size":14,"sizes":[]},"position":"","ai":{"generator":"websitePlanner","baseTemplateId":"undefined","blockId":"undefined","requestIds":{"sessionId":"wp-session-99def954-cf59-4d95-845d-09dfc5c501e4","generateId":"wp-page-home","batchId":"wp-section-services-overview"}},"__globals__":{"title_color":"globals\/colors?id=primary","primary_color":"globals\/colors?id=accent","description_color":"globals\/colors?id=text","description_typography_typography":"globals\/typography?id=text"}},"elements":[],"isInner":false,"widgetType":"icon-box","elType":"widget"},{"id":"52f85d6e","settings":{"text":"Discover More","_element_width":"auto","border_border":"solid","border_width":{"unit":"px","top":"1","right":"1","bottom":"1","left":"1","isLinked":"1"},"border_radius":{"unit":"px","top":"","right":"","bottom":"","left":"","isLinked":"1"},"text_padding":{"unit":"px","top":"12","right":"24","bottom":"12","left":"24","isLinked":""},"__globals__":{"button_text_color":"globals\/colors?id=primary","hover_color":"","button_background_hover_color":"","button_hover_border_color":"","border_color":"globals\/colors?id=primary","background_color":"globals\/colors?id=transparent","typography_typography":"globals\/typography?id=text"},"text_padding_mobile":{"unit":"px","top":"12","right":"24","bottom":"12","left":"24","isLinked":""},"typography_font_size":{"unit":"px","size":16,"sizes":[]},"typography_font_weight":"400","typography_text_transform":"capitalize","typography_font_style":"normal","typography_text_decoration":"none","typography_line_height":{"unit":"custom","size":"150%","sizes":[]},"typography_font_size_mobile":{"unit":"px","size":15,"sizes":[]},"_element_custom_width":{"unit":"%","size":15,"sizes":[]},"icon_indent":{"unit":"px","size":0,"sizes":[]},"typography_font_size_tablet":{"unit":"px","size":14,"sizes":[]},"typography_line_height_tablet":{"unit":"px","size":"","sizes":[]},"typography_line_height_mobile":{"unit":"px","size":"","sizes":[]},"button_background_hover_background":"","pa_condition_repeater":[],"premium_tooltip_text":"Hi, I'm a global tooltip.","premium_tooltip_position":"top,bottom","pa_cursor_ftext":"Premium Follow Text","pa_badge_text":"New","premium_mscroll_repeater":[],"align":"center","content_width":"full","ai":{"generator":"websitePlanner","baseTemplateId":"undefined","blockId":"undefined","requestIds":{"sessionId":"wp-session-99def954-cf59-4d95-845d-09dfc5c501e4","generateId":"wp-page-home","batchId":"wp-section-services-overview"}}},"elements":[],"isInner":false,"widgetType":"button","elType":"widget"}],"isInner":true,"elType":"container"},{"id":"4443b728","settings":{"padding":{"top":"23","left":"23","unit":"px","right":"23","bottom":"23","isLinked":true},"flex_gap":{"size":24,"unit":"px","sizes":[],"column":"24","row":"24","isLinked":true},"boxed_width":{"size":"","unit":"%","sizes":[]},"content_width":"full","flex_gap_mobile":{"size":16,"unit":"px","sizes":[],"column":"16","row":"16","isLinked":true},"flex_gap_tablet":{"size":16,"unit":"px","sizes":[],"column":"16","row":"16","isLinked":true},"boxed_width_mobile":{"size":"","unit":"%","sizes":[]},"boxed_width_tablet":{"size":"","unit":"%","sizes":[]},"flex_justify_content_tablet":"center","background_background":"classic","__globals__":{"background_color":"globals\/colors?id=backgroundAccent","border_color":"globals\/colors?id=accent"},"ai":{"generator":"websitePlanner","baseTemplateId":"undefined","blockId":"undefined","requestIds":{"sessionId":"wp-session-99def954-cf59-4d95-845d-09dfc5c501e4","generateId":"wp-page-home","batchId":"wp-section-services-overview"}}},"elements":[{"id":"4ca63c9f","settings":{"_margin":{"unit":"px","top":"0","right":"0","bottom":"0","left":"0","isLinked":false},"_padding":{"unit":"px","top":"0","right":"0","bottom":"0","left":"0","isLinked":false},"icon_size":{"unit":"px","size":35,"sizes":[]},"title_text":"Accessories Sales","_padding_tablet":{"unit":"px","top":"0","right":"0","bottom":"0","left":"0","isLinked":false},"position_tablet":"top","description_text":"A range of quality accessories tailored for your devices, helping you maximize their usage.","icon_space_tablet":{"unit":"px","size":10,"sizes":[]},"title_bottom_space":{"unit":"px","size":10,"sizes":[]},"_element_custom_width":{"unit":"%","size":50,"sizes":[]},"title_typography_font_size":{"unit":"px","size":20,"sizes":[]},"title_typography_typography":"custom","title_typography_font_family":"Poppins","title_typography_font_weight":"600","description_typography_font_size":{"unit":"px","size":16,"sizes":[]},"description_typography_font_weight":"400","description_typography_font_size_tablet":{"unit":"px","size":14,"sizes":[]},"position":"","ai":{"generator":"websitePlanner","baseTemplateId":"undefined","blockId":"undefined","requestIds":{"sessionId":"wp-session-99def954-cf59-4d95-845d-09dfc5c501e4","generateId":"wp-page-home","batchId":"wp-section-services-overview"}},"__globals__":{"title_color":"globals\/colors?id=primary","primary_color":"globals\/colors?id=accent","description_color":"globals\/colors?id=text","description_typography_typography":"globals\/typography?id=text"}},"elements":[],"isInner":false,"widgetType":"icon-box","elType":"widget"},{"id":"4cd5cc5f","settings":{"text":"Shop Now","_element_width":"auto","border_border":"solid","border_width":{"unit":"px","top":"1","right":"1","bottom":"1","left":"1","isLinked":"1"},"border_radius":{"unit":"px","top":"","right":"","bottom":"","left":"","isLinked":"1"},"text_padding":{"unit":"px","top":"12","right":"24","bottom":"12","left":"24","isLinked":""},"__globals__":{"button_text_color":"globals\/colors?id=primary","hover_color":"","button_background_hover_color":"","button_hover_border_color":"","border_color":"globals\/colors?id=primary","background_color":"globals\/colors?id=transparent","typography_typography":"globals\/typography?id=text"},"text_padding_mobile":{"unit":"px","top":"12","right":"24","bottom":"12","left":"24","isLinked":""},"typography_font_size":{"unit":"px","size":16,"sizes":[]},"typography_font_weight":"400","typography_text_transform":"capitalize","typography_font_style":"normal","typography_text_decoration":"none","typography_line_height":{"unit":"custom","size":"150%","sizes":[]},"typography_font_size_mobile":{"unit":"px","size":15,"sizes":[]},"_element_custom_width":{"unit":"%","size":15,"sizes":[]},"icon_indent":{"unit":"px","size":0,"sizes":[]},"typography_font_size_tablet":{"unit":"px","size":14,"sizes":[]},"typography_line_height_tablet":{"unit":"px","size":"","sizes":[]},"typography_line_height_mobile":{"unit":"px","size":"","sizes":[]},"button_background_hover_background":"","pa_condition_repeater":[],"premium_tooltip_text":"Hi, I'm a global tooltip.","premium_tooltip_position":"top,bottom","pa_cursor_ftext":"Premium Follow Text","pa_badge_text":"New","premium_mscroll_repeater":[],"align":"center","content_width":"full","ai":{"generator":"websitePlanner","baseTemplateId":"undefined","blockId":"undefined","requestIds":{"sessionId":"wp-session-99def954-cf59-4d95-845d-09dfc5c501e4","generateId":"wp-page-home","batchId":"wp-section-services-overview"}}},"elements":[],"isInner":false,"widgetType":"button","elType":"widget"}],"isInner":true,"elType":"container"},{"id":"356412b4","settings":{"padding":{"top":"23","left":"23","unit":"px","right":"23","bottom":"23","isLinked":true},"flex_gap":{"size":24,"unit":"px","sizes":[],"column":"24","row":"24","isLinked":true},"boxed_width":{"size":"","unit":"%","sizes":[]},"content_width":"full","flex_gap_mobile":{"size":16,"unit":"px","sizes":[],"column":"16","row":"16","isLinked":true},"flex_gap_tablet":{"size":16,"unit":"px","sizes":[],"column":"16","row":"16","isLinked":true},"boxed_width_mobile":{"size":"","unit":"%","sizes":[]},"boxed_width_tablet":{"size":"","unit":"%","sizes":[]},"flex_justify_content_tablet":"center","background_background":"classic","__globals__":{"background_color":"globals\/colors?id=backgroundAccent","border_color":"globals\/colors?id=accent"},"ai":{"generator":"websitePlanner","baseTemplateId":"undefined","blockId":"undefined","requestIds":{"sessionId":"wp-session-99def954-cf59-4d95-845d-09dfc5c501e4","generateId":"wp-page-home","batchId":"wp-section-services-overview"}}},"elements":[{"id":"3fa998b8","settings":{"_margin":{"unit":"px","top":"0","right":"0","bottom":"0","left":"0","isLinked":false},"_padding":{"unit":"px","top":"0","right":"0","bottom":"0","left":"0","isLinked":false},"icon_size":{"unit":"px","size":35,"sizes":[]},"title_text":"Technical Support","_padding_tablet":{"unit":"px","top":"0","right":"0","bottom":"0","left":"0","isLinked":false},"position_tablet":"top","description_text":"Professional assistance available for troubleshooting and resolving any issues you face.","icon_space_tablet":{"unit":"px","size":10,"sizes":[]},"title_bottom_space":{"unit":"px","size":10,"sizes":[]},"_element_custom_width":{"unit":"%","size":50,"sizes":[]},"title_typography_font_size":{"unit":"px","size":20,"sizes":[]},"title_typography_typography":"custom","title_typography_font_family":"Poppins","title_typography_font_weight":"600","description_typography_font_size":{"unit":"px","size":16,"sizes":[]},"description_typography_font_weight":"400","description_typography_font_size_tablet":{"unit":"px","size":14,"sizes":[]},"position":"","ai":{"generator":"websitePlanner","baseTemplateId":"undefined","blockId":"undefined","requestIds":{"sessionId":"wp-session-99def954-cf59-4d95-845d-09dfc5c501e4","generateId":"wp-page-home","batchId":"wp-section-services-overview"}},"__globals__":{"title_color":"globals\/colors?id=primary","primary_color":"globals\/colors?id=accent","description_color":"globals\/colors?id=text","description_typography_typography":"globals\/typography?id=text"}},"elements":[],"isInner":false,"widgetType":"icon-box","elType":"widget"},{"id":"42d51b9a","settings":{"text":"Get Help","_element_width":"auto","border_border":"solid","border_width":{"unit":"px","top":"1","right":"1","bottom":"1","left":"1","isLinked":"1"},"border_radius":{"unit":"px","top":"","right":"","bottom":"","left":"","isLinked":"1"},"text_padding":{"unit":"px","top":"12","right":"24","bottom":"12","left":"24","isLinked":""},"__globals__":{"button_text_color":"globals\/colors?id=primary","hover_color":"","button_background_hover_color":"","button_hover_border_color":"","border_color":"globals\/colors?id=primary","background_color":"globals\/colors?id=transparent","typography_typography":"globals\/typography?id=text"},"text_padding_mobile":{"unit":"px","top":"12","right":"24","bottom":"12","left":"24","isLinked":""},"typography_font_size":{"unit":"px","size":16,"sizes":[]},"typography_font_weight":"400","typography_text_transform":"capitalize","typography_font_style":"normal","typography_text_decoration":"none","typography_line_height":{"unit":"custom","size":"150%","sizes":[]},"typography_font_size_mobile":{"unit":"px","size":15,"sizes":[]},"_element_custom_width":{"unit":"%","size":15,"sizes":[]},"icon_indent":{"unit":"px","size":0,"sizes":[]},"typography_font_size_tablet":{"unit":"px","size":14,"sizes":[]},"typography_line_height_tablet":{"unit":"px","size":"","sizes":[]},"typography_line_height_mobile":{"unit":"px","size":"","sizes":[]},"button_background_hover_background":"","pa_condition_repeater":[],"premium_tooltip_text":"Hi, I'm a global tooltip.","premium_tooltip_position":"top,bottom","pa_cursor_ftext":"Premium Follow Text","pa_badge_text":"New","premium_mscroll_repeater":[],"align":"center","content_width":"full","ai":{"generator":"websitePlanner","baseTemplateId":"undefined","blockId":"undefined","requestIds":{"sessionId":"wp-session-99def954-cf59-4d95-845d-09dfc5c501e4","generateId":"wp-page-home","batchId":"wp-section-services-overview"}}},"elements":[],"isInner":false,"widgetType":"button","elType":"widget"}],"isInner":true,"elType":"container"},{"id":"154a554e","settings":{"padding":{"top":"23","left":"23","unit":"px","right":"23","bottom":"23","isLinked":true},"flex_gap":{"size":24,"unit":"px","sizes":[],"column":"24","row":"24","isLinked":true},"boxed_width":{"size":"","unit":"%","sizes":[]},"content_width":"full","flex_gap_mobile":{"size":16,"unit":"px","sizes":[],"column":"16","row":"16","isLinked":true},"flex_gap_tablet":{"size":16,"unit":"px","sizes":[],"column":"16","row":"16","isLinked":true},"boxed_width_mobile":{"size":"","unit":"%","sizes":[]},"boxed_width_tablet":{"size":"","unit":"%","sizes":[]},"flex_justify_content_tablet":"center","background_background":"classic","__globals__":{"background_color":"globals\/colors?id=backgroundAccent","border_color":"globals\/colors?id=accent"},"ai":{"generator":"websitePlanner","baseTemplateId":"undefined","blockId":"undefined","requestIds":{"sessionId":"wp-session-99def954-cf59-4d95-845d-09dfc5c501e4","generateId":"wp-page-home","batchId":"wp-section-services-overview"}}},"elements":[{"id":"e9ff9f5","settings":{"_margin":{"unit":"px","top":"0","right":"0","bottom":"0","left":"0","isLinked":false},"_padding":{"unit":"px","top":"0","right":"0","bottom":"0","left":"0","isLinked":false},"icon_size":{"unit":"px","size":35,"sizes":[]},"title_text":"Warranty Services","_padding_tablet":{"unit":"px","top":"0","right":"0","bottom":"0","left":"0","isLinked":false},"position_tablet":"top","description_text":"Reliable warranty options for peace of mind, ensuring your devices are protected.","icon_space_tablet":{"unit":"px","size":10,"sizes":[]},"title_bottom_space":{"unit":"px","size":10,"sizes":[]},"_element_custom_width":{"unit":"%","size":50,"sizes":[]},"title_typography_font_size":{"unit":"px","size":20,"sizes":[]},"title_typography_typography":"custom","title_typography_font_family":"Poppins","title_typography_font_weight":"600","description_typography_font_size":{"unit":"px","size":16,"sizes":[]},"description_typography_font_weight":"400","description_typography_font_size_tablet":{"unit":"px","size":14,"sizes":[]},"position":"","ai":{"generator":"websitePlanner","baseTemplateId":"undefined","blockId":"undefined","requestIds":{"sessionId":"wp-session-99def954-cf59-4d95-845d-09dfc5c501e4","generateId":"wp-page-home","batchId":"wp-section-services-overview"}},"__globals__":{"title_color":"globals\/colors?id=primary","primary_color":"globals\/colors?id=accent","description_color":"globals\/colors?id=text","description_typography_typography":"globals\/typography?id=text"}},"elements":[],"isInner":false,"widgetType":"icon-box","elType":"widget"},{"id":"1f8be7ff","settings":{"text":"Learn More","_element_width":"auto","border_border":"solid","border_width":{"unit":"px","top":"1","right":"1","bottom":"1","left":"1","isLinked":"1"},"border_radius":{"unit":"px","top":"","right":"","bottom":"","left":"","isLinked":"1"},"text_padding":{"unit":"px","top":"12","right":"24","bottom":"12","left":"24","isLinked":""},"__globals__":{"button_text_color":"globals\/colors?id=primary","hover_color":"","button_background_hover_color":"","button_hover_border_color":"","border_color":"globals\/colors?id=primary","background_color":"globals\/colors?id=transparent","typography_typography":"globals\/typography?id=text"},"text_padding_mobile":{"unit":"px","top":"12","right":"24","bottom":"12","left":"24","isLinked":""},"typography_font_size":{"unit":"px","size":16,"sizes":[]},"typography_font_weight":"400","typography_text_transform":"capitalize","typography_font_style":"normal","typography_text_decoration":"none","typography_line_height":{"unit":"custom","size":"150%","sizes":[]},"typography_font_size_mobile":{"unit":"px","size":15,"sizes":[]},"_element_custom_width":{"unit":"%","size":15,"sizes":[]},"icon_indent":{"unit":"px","size":0,"sizes":[]},"typography_font_size_tablet":{"unit":"px","size":14,"sizes":[]},"typography_line_height_tablet":{"unit":"px","size":"","sizes":[]},"typography_line_height_mobile":{"unit":"px","size":"","sizes":[]},"button_background_hover_background":"","pa_condition_repeater":[],"premium_tooltip_text":"Hi, I'm a global tooltip.","premium_tooltip_position":"top,bottom","pa_cursor_ftext":"Premium Follow Text","pa_badge_text":"New","premium_mscroll_repeater":[],"align":"center","content_width":"full","ai":{"generator":"websitePlanner","baseTemplateId":"undefined","blockId":"undefined","requestIds":{"sessionId":"wp-session-99def954-cf59-4d95-845d-09dfc5c501e4","generateId":"wp-page-home","batchId":"wp-section-services-overview"}}},"elements":[],"isInner":false,"widgetType":"button","elType":"widget"}],"isInner":true,"elType":"container"},{"id":"335cc4d4","settings":{"padding":{"top":"23","left":"23","unit":"px","right":"23","bottom":"23","isLinked":true},"flex_gap":{"size":24,"unit":"px","sizes":[],"column":"24","row":"24","isLinked":true},"boxed_width":{"size":"","unit":"%","sizes":[]},"content_width":"full","flex_gap_mobile":{"size":16,"unit":"px","sizes":[],"column":"16","row":"16","isLinked":true},"flex_gap_tablet":{"size":16,"unit":"px","sizes":[],"column":"16","row":"16","isLinked":true},"boxed_width_mobile":{"size":"","unit":"%","sizes":[]},"boxed_width_tablet":{"size":"","unit":"%","sizes":[]},"flex_justify_content_tablet":"center","background_background":"classic","__globals__":{"background_color":"globals\/colors?id=backgroundAccent","border_color":"globals\/colors?id=accent"},"ai":{"generator":"websitePlanner","baseTemplateId":"undefined","blockId":"undefined","requestIds":{"sessionId":"wp-session-99def954-cf59-4d95-845d-09dfc5c501e4","generateId":"wp-page-home","batchId":"wp-section-services-overview"}}},"elements":[{"id":"2ce4fe85","settings":{"_margin":{"unit":"px","top":"0","right":"0","bottom":"0","left":"0","isLinked":false},"_padding":{"unit":"px","top":"0","right":"0","bottom":"0","left":"0","isLinked":false},"icon_size":{"unit":"px","size":35,"sizes":[]},"title_text":"Custom Solutions","_padding_tablet":{"unit":"px","top":"0","right":"0","bottom":"0","left":"0","isLinked":false},"position_tablet":"top","description_text":"Tailored services designed to meet your specific needs in battery and device management.","icon_space_tablet":{"unit":"px","size":10,"sizes":[]},"title_bottom_space":{"unit":"px","size":10,"sizes":[]},"_element_custom_width":{"unit":"%","size":50,"sizes":[]},"title_typography_font_size":{"unit":"px","size":20,"sizes":[]},"title_typography_typography":"custom","title_typography_font_family":"Poppins","title_typography_font_weight":"600","description_typography_font_size":{"unit":"px","size":16,"sizes":[]},"description_typography_font_weight":"400","description_typography_font_size_tablet":{"unit":"px","size":14,"sizes":[]},"position":"","ai":{"generator":"websitePlanner","baseTemplateId":"undefined","blockId":"undefined","requestIds":{"sessionId":"wp-session-99def954-cf59-4d95-845d-09dfc5c501e4","generateId":"wp-page-home","batchId":"wp-section-services-overview"}},"__globals__":{"title_color":"globals\/colors?id=primary","primary_color":"globals\/colors?id=accent","description_color":"globals\/colors?id=text","description_typography_typography":"globals\/typography?id=text"}},"elements":[],"isInner":false,"widgetType":"icon-box","elType":"widget"},{"id":"1caaf10a","settings":{"text":"Explore Services","_element_width":"auto","border_border":"solid","border_width":{"unit":"px","top":"1","right":"1","bottom":"1","left":"1","isLinked":"1"},"border_radius":{"unit":"px","top":"","right":"","bottom":"","left":"","isLinked":"1"},"text_padding":{"unit":"px","top":"12","right":"24","bottom":"12","left":"24","isLinked":""},"__globals__":{"button_text_color":"globals\/colors?id=primary","hover_color":"","button_background_hover_color":"","button_hover_border_color":"","border_color":"globals\/colors?id=primary","background_color":"globals\/colors?id=transparent","typography_typography":"globals\/typography?id=text"},"text_padding_mobile":{"unit":"px","top":"12","right":"24","bottom":"12","left":"24","isLinked":""},"typography_font_size":{"unit":"px","size":16,"sizes":[]},"typography_font_weight":"400","typography_text_transform":"capitalize","typography_font_style":"normal","typography_text_decoration":"none","typography_line_height":{"unit":"custom","size":"150%","sizes":[]},"typography_font_size_mobile":{"unit":"px","size":15,"sizes":[]},"_element_custom_width":{"unit":"%","size":15,"sizes":[]},"icon_indent":{"unit":"px","size":0,"sizes":[]},"typography_font_size_tablet":{"unit":"px","size":14,"sizes":[]},"typography_line_height_tablet":{"unit":"px","size":"","sizes":[]},"typography_line_height_mobile":{"unit":"px","size":"","sizes":[]},"button_background_hover_background":"","pa_condition_repeater":[],"premium_tooltip_text":"Hi, I'm a global tooltip.","premium_tooltip_position":"top,bottom","pa_cursor_ftext":"Premium Follow Text","pa_badge_text":"New","premium_mscroll_repeater":[],"align":"center","content_width":"full","ai":{"generator":"websitePlanner","baseTemplateId":"undefined","blockId":"undefined","requestIds":{"sessionId":"wp-session-99def954-cf59-4d95-845d-09dfc5c501e4","generateId":"wp-page-home","batchId":"wp-section-services-overview"}}},"elements":[],"isInner":false,"widgetType":"button","elType":"widget"}],"isInner":true,"elType":"container"}],"isInner":false,"elType":"container"},{"id":"72336035","settings":{"flex_gap":{"size":0,"unit":"px","column":"0","row":"0","isLinked":true},"padding":{"unit":"px","top":"100","right":"24","bottom":"100","left":"24","isLinked":false},"padding_tablet":{"unit":"px","top":"80","right":"16","bottom":"80","left":"16","isLinked":false},"padding_mobile":{"unit":"px","top":"48","right":"16","bottom":"48","left":"16","isLinked":false},"_title":"Our Story","flex_direction":"row","flex_align_items":"flex-start","boxed_width":{"unit":"px","size":1280,"sizes":[]},"min_height_tablet":{"unit":"px","size":0,"sizes":[]},"flex_align_items_tablet":"flex-start","flex_gap_tablet":{"unit":"px","size":0,"sizes":[],"row":"0","column":"0","isLinked":true},"flex_gap_mobile":{"unit":"px","size":24,"sizes":[],"row":"24","column":"24","isLinked":true},"ai":{"generator":"websitePlanner","baseTemplateId":"undefined","blockId":"undefined","requestIds":{"sessionId":"wp-session-99def954-cf59-4d95-845d-09dfc5c501e4","generateId":"wp-page-home","batchId":"wp-section-about-us-highlight"}}},"elements":[{"id":"5b66498a","settings":{"_column_size":100,"width":{"size":null,"unit":"%"},"background_background":"classic","padding":{"unit":"px","top":"24","right":"24","bottom":"24","left":"24","isLinked":true},"__globals__":{"background_color":"globals\/colors?id=backgroundAccent"},"content_width":"full","flex_direction":"column","flex_gap":{"unit":"px","size":20,"sizes":[],"column":"20","row":"20","isLinked":true},"flex_justify_content":"center","flex_gap_mobile":{"column":"","row":"","isLinked":true,"unit":"px","size":null},"_flex_align_self":"stretch","ai":{"generator":"websitePlanner","baseTemplateId":"undefined","blockId":"undefined","requestIds":{"sessionId":"wp-session-99def954-cf59-4d95-845d-09dfc5c501e4","generateId":"wp-page-home","batchId":"wp-section-about-us-highlight"}}},"elements":[{"id":"5a0315c","settings":{"title":"Our Story","header_size":"h1","__globals__":{"typography_typography":"globals\/typography?id=primary","title_color":"globals\/colors?id=primary"},"typography_font_size":{"unit":"px","size":24,"sizes":[]},"typography_font_size_tablet":{"unit":"px","size":22,"sizes":[]},"typography_font_size_mobile":{"unit":"px","size":18,"sizes":[]},"typography_font_weight":"600","typography_text_transform":"none","typography_font_style":"normal","typography_text_decoration":"none","typography_line_height":{"unit":"custom","size":"140%","sizes":[]},"typography_letter_spacing":{"unit":"px","size":0,"sizes":[]},"typography_line_height_tablet":{"unit":"px","size":"","sizes":[]},"typography_line_height_mobile":{"unit":"px","size":"","sizes":[]},"ai":{"generator":"websitePlanner","baseTemplateId":"undefined","blockId":"undefined","requestIds":{"sessionId":"wp-session-99def954-cf59-4d95-845d-09dfc5c501e4","generateId":"wp-page-home","batchId":"wp-section-about-us-highlight"}}},"elements":[],"isInner":false,"widgetType":"heading","elType":"widget"},{"id":"33016c1","settings":{"editor":"In this section, we share our journey and expertise. We take pride in being a reliable partner, dedicated to delivering quality products and services that meet your needs.","_padding":{"unit":"%","top":"","right":"","bottom":"","left":"","isLinked":true},"_padding_tablet":{"unit":"%","top":"0","right":"10","bottom":"0","left":"10","isLinked":false},"_padding_mobile":{"unit":"%","top":"0","right":"0","bottom":"0","left":"0","isLinked":false},"typography_font_size":{"unit":"px","size":16,"sizes":[]},"typography_font_size_tablet":{"unit":"px","size":14,"sizes":[]},"typography_font_weight":"400","typography_text_transform":"none","typography_font_style":"normal","typography_text_decoration":"none","typography_line_height":{"unit":"em","size":1.5,"sizes":[]},"typography_letter_spacing":{"unit":"px","size":0,"sizes":[]},"__globals__":{"typography_typography":"globals\/typography?id=text","text_color":"globals\/colors?id=text","drop_cap_primary_color":"globals\/colors?id=primary"},"ai":{"generator":"websitePlanner","baseTemplateId":"undefined","blockId":"undefined","requestIds":{"sessionId":"wp-session-99def954-cf59-4d95-845d-09dfc5c501e4","generateId":"wp-page-home","batchId":"wp-section-about-us-highlight"}}},"elements":[],"isInner":false,"widgetType":"text-editor","elType":"widget"}],"isInner":true,"elType":"container"},{"id":"4fba71f0","settings":{"content_width":"full","flex_direction":"column","border_border":"solid","border_width":{"unit":"px","top":"0","right":"0","bottom":"1","left":"0","isLinked":false},"padding":{"unit":"%","top":"0","right":"0","bottom":"0","left":"0","isLinked":false},"padding_tablet":{"unit":"%","top":"","right":"","bottom":"","left":"","isLinked":true},"padding_mobile":{"unit":"%","top":"","right":"","bottom":"","left":"","isLinked":true},"__globals__":[],"border_color":"#C8D5DC","flex_gap":{"unit":"px","size":20,"sizes":[],"column":"20","row":"20","isLinked":true},"ai":{"generator":"websitePlanner","baseTemplateId":"undefined","blockId":"undefined","requestIds":{"sessionId":"wp-session-99def954-cf59-4d95-845d-09dfc5c501e4","generateId":"wp-page-home","batchId":"wp-section-about-us-highlight"}}},"elements":[{"id":"37eec08e","settings":{"image":{"id":"138328","url":false},"image_size":"full","width":{"unit":"%","size":100,"sizes":[]},"caption_typography_font_size":{"unit":"px","size":16,"sizes":[]},"caption_typography_font_size_tablet":{"unit":"px","size":14,"sizes":[]},"caption_typography_font_weight":"300","caption_typography_text_transform":"none","caption_typography_font_style":"normal","caption_typography_text_decoration":"none","caption_typography_line_height":{"unit":"em","size":1.5,"sizes":[]},"caption_typography_letter_spacing":{"unit":"px","size":0,"sizes":[]},"caption_typography_word_spacing":{"unit":"em","size":0,"sizes":[]},"__globals__":[],"height":{"unit":"px","size":300,"sizes":[]},"object-fit":"cover","ai":{"generator":"websitePlanner","baseTemplateId":"undefined","blockId":"undefined","requestIds":{"sessionId":"wp-session-99def954-cf59-4d95-845d-09dfc5c501e4","generateId":"wp-page-home","batchId":"wp-section-about-us-highlight"}}},"elements":[],"isInner":false,"widgetType":"image","elType":"widget"}],"isInner":true,"elType":"container"}],"isInner":false,"elType":"container"},{"id":"5df91dc8","settings":{"flex_gap":{"size":80,"unit":"px","column":"80","row":"80","isLinked":true},"structure":"30","padding_tablet":{"unit":"px","top":"80","right":"16","bottom":"80","left":"16","isLinked":false},"padding_mobile":{"unit":"px","top":"48","right":"16","bottom":"48","left":"16","isLinked":false},"_title":"About Us","flex_direction":"row","flex_align_items":"flex-start","flex_gap_tablet":{"unit":"px","size":0,"sizes":[],"row":"0","column":"0","isLinked":true},"flex_gap_mobile":{"unit":"px","size":24,"sizes":[],"row":"24","column":"24","isLinked":true},"padding":{"unit":"px","top":"100","right":"24","bottom":"100","left":"24","isLinked":false},"boxed_width":{"unit":"px","size":1280,"sizes":[]},"min_height_tablet":{"unit":"px","size":0,"sizes":[]},"flex_align_items_tablet":"flex-start","ai":{"generator":"websitePlanner","baseTemplateId":"undefined","blockId":"undefined","requestIds":{"sessionId":"wp-session-99def954-cf59-4d95-845d-09dfc5c501e4","generateId":"wp-page-home","batchId":"wp-section-about-us-highlight"}}},"elements":[{"id":"431cca13","settings":{"_column_size":33,"width":{"size":null,"unit":"%"},"width_tablet":{"size":100,"unit":"%"},"margin":{"unit":"%","top":"","right":"","bottom":"","left":"","isLinked":true},"margin_tablet":{"unit":"%","top":"","right":"","bottom":"","left":"","isLinked":true},"margin_mobile":{"unit":"%","top":"","right":"","bottom":"","left":"","isLinked":true},"content_width":"full","flex_direction":"column","flex_gap":{"unit":"px","size":20,"sizes":[],"column":"20","row":"20","isLinked":true},"padding":{"unit":"px","top":"0","right":"0","bottom":"0","left":"0","isLinked":false},"ai":{"generator":"websitePlanner","baseTemplateId":"undefined","blockId":"undefined","requestIds":{"sessionId":"wp-session-99def954-cf59-4d95-845d-09dfc5c501e4","generateId":"wp-page-home","batchId":"wp-section-about-us-highlight"}}},"elements":[{"id":"25c28d88","settings":{"title":"Why Choose Us?","header_size":"h4","__globals__":{"typography_typography":"globals\/typography?id=heading-s","title_color":"globals\/colors?id=primary"},"typography_font_size":{"unit":"px","size":18,"sizes":[]},"typography_font_size_tablet":{"unit":"px","size":18,"sizes":[]},"typography_font_weight":"500","typography_text_transform":"none","typography_font_style":"normal","typography_text_decoration":"none","typography_line_height":{"unit":"custom","size":"140%","sizes":[]},"typography_letter_spacing":{"unit":"px","size":0,"sizes":[]},"typography_font_size_mobile":{"unit":"px","size":16,"sizes":[]},"typography_line_height_tablet":{"unit":"px","size":"","sizes":[]},"typography_line_height_mobile":{"unit":"px","size":"","sizes":[]},"typography_word_spacing":{"unit":"em","size":"","sizes":[]},"ai":{"generator":"websitePlanner","baseTemplateId":"undefined","blockId":"undefined","requestIds":{"sessionId":"wp-session-99def954-cf59-4d95-845d-09dfc5c501e4","generateId":"wp-page-home","batchId":"wp-section-about-us-highlight"}}},"elements":[],"isInner":false,"widgetType":"heading","elType":"widget"},{"id":"10eada49","settings":{"editor":"<p>With years of industry experience, we are committed to excellence and focused on customer satisfaction.<\/p>","typography_font_size":{"unit":"px","size":16,"sizes":[]},"typography_font_size_tablet":{"unit":"px","size":14,"sizes":[]},"typography_font_weight":"400","typography_text_transform":"none","typography_font_style":"normal","typography_text_decoration":"none","typography_line_height":{"unit":"em","size":1.5,"sizes":[]},"typography_letter_spacing":{"unit":"px","size":0,"sizes":[]},"__globals__":{"typography_typography":"globals\/typography?id=text","text_color":"globals\/colors?id=text","drop_cap_primary_color":"globals\/colors?id=primary"},"ai":{"generator":"websitePlanner","baseTemplateId":"undefined","blockId":"undefined","requestIds":{"sessionId":"wp-session-99def954-cf59-4d95-845d-09dfc5c501e4","generateId":"wp-page-home","batchId":"wp-section-about-us-highlight"}}},"elements":[],"isInner":false,"widgetType":"text-editor","elType":"widget"}],"isInner":true,"elType":"container"},{"id":"50bb172","settings":{"_column_size":33,"width":{"size":null,"unit":"%"},"width_tablet":{"size":100,"unit":"%"},"margin":{"unit":"%","top":"","right":"","bottom":"","left":"","isLinked":true},"margin_tablet":{"unit":"%","top":"6","right":"0","bottom":"0","left":"0","isLinked":false},"margin_mobile":{"unit":"%","top":"10","right":"0","bottom":"0","left":"0","isLinked":false},"content_width":"full","flex_direction":"column","flex_gap":{"unit":"px","size":20,"sizes":[],"column":"20","row":"20","isLinked":true},"padding":{"unit":"px","top":"0","right":"0","bottom":"0","left":"0","isLinked":false},"ai":{"generator":"websitePlanner","baseTemplateId":"undefined","blockId":"undefined","requestIds":{"sessionId":"wp-session-99def954-cf59-4d95-845d-09dfc5c501e4","generateId":"wp-page-home","batchId":"wp-section-about-us-highlight"}}},"elements":[{"id":"313f1f9","settings":{"title":"Our Expertise","header_size":"h4","__globals__":{"typography_typography":"globals\/typography?id=heading-s","title_color":"globals\/colors?id=primary"},"typography_font_size":{"unit":"px","size":18,"sizes":[]},"typography_font_size_tablet":{"unit":"px","size":18,"sizes":[]},"typography_font_weight":"500","typography_text_transform":"none","typography_font_style":"normal","typography_text_decoration":"none","typography_line_height":{"unit":"custom","size":"140%","sizes":[]},"typography_letter_spacing":{"unit":"px","size":0,"sizes":[]},"typography_font_size_mobile":{"unit":"px","size":16,"sizes":[]},"typography_line_height_tablet":{"unit":"px","size":"","sizes":[]},"typography_line_height_mobile":{"unit":"px","size":"","sizes":[]},"typography_word_spacing":{"unit":"em","size":"","sizes":[]},"ai":{"generator":"websitePlanner","baseTemplateId":"undefined","blockId":"undefined","requestIds":{"sessionId":"wp-session-99def954-cf59-4d95-845d-09dfc5c501e4","generateId":"wp-page-home","batchId":"wp-section-about-us-highlight"}}},"elements":[],"isInner":false,"widgetType":"heading","elType":"widget"},{"id":"cff6c6","settings":{"editor":"<p>Our skilled team leverages up-to-date technology to ensure effective solutions tailored to your specific requirements.<\/p>","typography_font_size":{"unit":"px","size":16,"sizes":[]},"typography_font_size_tablet":{"unit":"px","size":14,"sizes":[]},"typography_font_weight":"400","typography_text_transform":"none","typography_font_style":"normal","typography_text_decoration":"none","typography_line_height":{"unit":"em","size":1.5,"sizes":[]},"typography_letter_spacing":{"unit":"px","size":0,"sizes":[]},"__globals__":{"typography_typography":"globals\/typography?id=text","text_color":"globals\/colors?id=text","drop_cap_primary_color":"globals\/colors?id=primary"},"ai":{"generator":"websitePlanner","baseTemplateId":"undefined","blockId":"undefined","requestIds":{"sessionId":"wp-session-99def954-cf59-4d95-845d-09dfc5c501e4","generateId":"wp-page-home","batchId":"wp-section-about-us-highlight"}}},"elements":[],"isInner":false,"widgetType":"text-editor","elType":"widget"}],"isInner":true,"elType":"container"},{"id":"a87c206","settings":{"_column_size":33,"width":{"size":null,"unit":"%"},"width_tablet":{"size":100,"unit":"%"},"margin":{"unit":"%","top":"","right":"","bottom":"","left":"","isLinked":true},"margin_tablet":{"unit":"%","top":"6","right":"0","bottom":"0","left":"0","isLinked":false},"margin_mobile":{"unit":"%","top":"10","right":"0","bottom":"0","left":"0","isLinked":false},"content_width":"full","flex_direction":"column","flex_gap":{"unit":"px","size":20,"sizes":[],"column":"20","row":"20","isLinked":true},"padding":{"unit":"px","top":"0","right":"0","bottom":"0","left":"0","isLinked":false},"ai":{"generator":"websitePlanner","baseTemplateId":"undefined","blockId":"undefined","requestIds":{"sessionId":"wp-session-99def954-cf59-4d95-845d-09dfc5c501e4","generateId":"wp-page-home","batchId":"wp-section-about-us-highlight"}}},"elements":[{"id":"921ec77","settings":{"title":"Our Commitment","header_size":"h4","__globals__":{"typography_typography":"globals\/typography?id=heading-s","title_color":"globals\/colors?id=primary"},"typography_font_size":{"unit":"px","size":18,"sizes":[]},"typography_font_size_tablet":{"unit":"px","size":18,"sizes":[]},"typography_font_weight":"500","typography_text_transform":"none","typography_font_style":"normal","typography_text_decoration":"none","typography_line_height":{"unit":"custom","size":"140%","sizes":[]},"typography_letter_spacing":{"unit":"px","size":0,"sizes":[]},"typography_font_size_mobile":{"unit":"px","size":16,"sizes":[]},"typography_line_height_tablet":{"unit":"px","size":"","sizes":[]},"typography_line_height_mobile":{"unit":"px","size":"","sizes":[]},"typography_word_spacing":{"unit":"em","size":"","sizes":[]},"ai":{"generator":"websitePlanner","baseTemplateId":"undefined","blockId":"undefined","requestIds":{"sessionId":"wp-session-99def954-cf59-4d95-845d-09dfc5c501e4","generateId":"wp-page-home","batchId":"wp-section-about-us-highlight"}}},"elements":[],"isInner":false,"widgetType":"heading","elType":"widget"},{"id":"2e0c2107","settings":{"editor":"<p>We are dedicated to building lasting relationships through transparency and trust, ensuring your satisfaction at every step.<\/p>","typography_font_size":{"unit":"px","size":16,"sizes":[]},"typography_font_size_tablet":{"unit":"px","size":14,"sizes":[]},"typography_font_weight":"400","typography_text_transform":"none","typography_font_style":"normal","typography_text_decoration":"none","typography_line_height":{"unit":"em","size":1.5,"sizes":[]},"typography_letter_spacing":{"unit":"px","size":0,"sizes":[]},"__globals__":{"typography_typography":"globals\/typography?id=text","text_color":"globals\/colors?id=text","drop_cap_primary_color":"globals\/colors?id=primary"},"ai":{"generator":"websitePlanner","baseTemplateId":"undefined","blockId":"undefined","requestIds":{"sessionId":"wp-session-99def954-cf59-4d95-845d-09dfc5c501e4","generateId":"wp-page-home","batchId":"wp-section-about-us-highlight"}}},"elements":[],"isInner":false,"widgetType":"text-editor","elType":"widget"}],"isInner":true,"elType":"container"}],"isInner":false,"elType":"container"},{"id":"345a960c","settings":{"layout":"full_width","flex_gap":{"size":80,"unit":"px","column":"80","row":"80","isLinked":true},"structure":"20","background_background":"classic","padding":{"unit":"px","top":"100","right":"24","bottom":"100","left":"24","isLinked":false},"padding_tablet":{"unit":"px","top":"80","right":"16","bottom":"80","left":"16","isLinked":false},"padding_mobile":{"unit":"px","top":"48","right":"16","bottom":"48","left":"16","isLinked":false},"_title":"Client Testimonials","flex_direction":"column","flex_align_items":"center","flex_align_items_tablet":"center","boxed_width":{"unit":"px","size":1280,"sizes":[]},"flex_gap_tablet":{"unit":"px","size":16,"sizes":[],"column":"16","row":"16","isLinked":true},"flex_gap_mobile":{"unit":"px","size":16,"sizes":[],"column":"16","row":"16","isLinked":true},"min_height_tablet":{"unit":"px","size":0,"sizes":[]},"background_image":{"url":"","id":"","size":"","alt":"","source":"library"},"background_position":"center center","background_repeat":"no-repeat","background_size":"cover","background_overlay_opacity":{"unit":"px","size":0.6,"sizes":[]},"__globals__":{"background_color":"globals\/colors?id=secondary","background_overlay_color":"globals\/colors?id=primary"},"pa_condition_repeater":[],"premium_tooltip_text":"Hi, I'm a global tooltip.","premium_tooltip_position":"top,bottom","premium_parallax_layers_list":[],"premium_gradient_colors_repeater":[],"premium_kenburns_repeater":[],"premium_lottie_repeater":[],"premium_blob_repeater":[],"pa_cursor_ftext":"Premium Follow Text","pa_badge_text":"New","ai":{"generator":"websitePlanner","baseTemplateId":"undefined","blockId":"undefined","requestIds":{"sessionId":"wp-session-99def954-cf59-4d95-845d-09dfc5c501e4","generateId":"wp-page-home","batchId":"wp-section-client-testimonials"}}},"elements":[{"id":"612e76a6","settings":{"_column_size":50,"width":{"size":50,"unit":"%"},"width_tablet":{"size":80,"unit":"%"},"flex_gap":{"size":20,"unit":"px","column":"20","row":"20","isLinked":true},"padding":{"unit":"%","top":"0","right":"0","bottom":"0","left":"0","isLinked":true},"padding_tablet":{"unit":"%","top":"0","right":"0","bottom":"0","left":"0","isLinked":false},"padding_mobile":{"unit":"%","top":"","right":"","bottom":"","left":"","isLinked":true},"content_width":"full","flex_justify_content":"center","flex_justify_content_tablet":"center","flex_gap_tablet":{"unit":"px","size":10,"sizes":[],"column":"10","row":"10","isLinked":true},"margin_tablet":{"unit":"px","top":"0","right":"0","bottom":"0","left":"0","isLinked":false},"_flex_size":"grow","pa_condition_repeater":[],"premium_tooltip_text":"Hi, I'm a global tooltip.","premium_tooltip_position":"top,bottom","premium_parallax_layers_list":[],"premium_gradient_colors_repeater":[],"premium_kenburns_repeater":[],"premium_lottie_repeater":[],"premium_blob_repeater":[],"pa_cursor_ftext":"Premium Follow Text","pa_badge_text":"New","ai":{"generator":"websitePlanner","baseTemplateId":"undefined","blockId":"undefined","requestIds":{"sessionId":"wp-session-99def954-cf59-4d95-845d-09dfc5c501e4","generateId":"wp-page-home","batchId":"wp-section-client-testimonials"}}},"elements":[{"id":"1e2b82dc","settings":{"title":"Client Voices","header_size":"h5","typography_font_size":{"unit":"px","size":18,"sizes":[]},"typography_font_weight":"500","align_mobile":"center","align":"center","typography_font_size_tablet":{"unit":"px","size":18,"sizes":[]},"typography_font_size_mobile":{"unit":"px","size":16,"sizes":[]},"typography_text_transform":"none","typography_font_style":"normal","typography_text_decoration":"none","typography_line_height":{"unit":"custom","size":"140%","sizes":[]},"typography_line_height_tablet":{"unit":"px","size":"","sizes":[]},"typography_line_height_mobile":{"unit":"px","size":"","sizes":[]},"typography_letter_spacing":{"unit":"px","size":0,"sizes":[]},"typography_word_spacing":{"unit":"em","size":"","sizes":[]},"pa_condition_repeater":[],"premium_tooltip_text":"Hi, I'm a global tooltip.","premium_tooltip_position":"top,bottom","pa_cursor_ftext":"Premium Follow Text","pa_badge_text":"New","premium_mscroll_repeater":[],"__globals__":{"typography_typography":"globals\/typography?id=heading-s","title_color":"globals\/colors?id=background"},"ai":{"generator":"websitePlanner","baseTemplateId":"undefined","blockId":"undefined","requestIds":{"sessionId":"wp-session-99def954-cf59-4d95-845d-09dfc5c501e4","generateId":"wp-page-home","batchId":"wp-section-client-testimonials"}}},"elements":[],"isInner":false,"widgetType":"heading","elType":"widget"},{"id":"35693bb2","settings":{"title":"Hear from our valued clients on their experiences.","align":"center","typography_font_size":{"unit":"px","size":56,"sizes":[]},"typography_font_weight":"600","align_mobile":"center","typography_font_size_tablet":{"unit":"px","size":48,"sizes":[]},"typography_font_size_mobile":{"unit":"px","size":40,"sizes":[]},"typography_line_height_tablet":{"unit":"custom","size":" ","sizes":[]},"typography_line_height":{"unit":"custom","size":"1.2","sizes":[]},"typography_line_height_mobile":{"unit":"custom","size":"","sizes":[]},"typography_word_spacing":{"unit":"em","size":"","sizes":[]},"__globals__":{"typography_typography":"globals\/typography?id=heading-xl","title_color":"globals\/colors?id=background"},"pa_condition_repeater":[],"premium_tooltip_text":"Hi, I'm a global tooltip.","premium_tooltip_position":"top,bottom","pa_cursor_ftext":"Premium Follow Text","pa_badge_text":"New","premium_mscroll_repeater":[],"ai":{"generator":"websitePlanner","baseTemplateId":"undefined","blockId":"undefined","requestIds":{"sessionId":"wp-session-99def954-cf59-4d95-845d-09dfc5c501e4","generateId":"wp-page-home","batchId":"wp-section-client-testimonials"}}},"elements":[],"isInner":false,"widgetType":"heading","elType":"widget"}],"isInner":true,"elType":"container"},{"id":"63ab4d64","settings":{"layout":"full_width","flex_gap":{"size":12,"unit":"%","column":"12","row":"12","isLinked":true},"structure":"20","margin_tablet":{"unit":"px","top":"50","right":0,"bottom":"0","left":0,"isLinked":false},"flex_direction":"row","flex_align_items":"stretch","content_width":"full","flex_justify_content":"center","flex_gap_tablet":{"unit":"px","size":33,"sizes":[],"column":"33","row":"33","isLinked":true},"flex_gap_mobile":{"unit":"px","size":50,"sizes":[],"column":"50","row":"50","isLinked":true},"flex_direction_mobile":"column","flex_justify_content_tablet":"space-between","flex_justify_content_mobile":"flex-start","flex_align_items_mobile":"stretch","flex_wrap_tablet":"nowrap","flex_wrap_mobile":"wrap","padding":{"unit":"px","top":"0","right":"0","bottom":"0","left":"0","isLinked":true},"pa_condition_repeater":[],"premium_tooltip_text":"Hi, I'm a global tooltip.","premium_tooltip_position":"top,bottom","premium_parallax_layers_list":[],"premium_gradient_colors_repeater":[],"premium_kenburns_repeater":[],"premium_lottie_repeater":[],"premium_blob_repeater":[],"pa_cursor_ftext":"Premium Follow Text","pa_badge_text":"New","ai":{"generator":"websitePlanner","baseTemplateId":"undefined","blockId":"undefined","requestIds":{"sessionId":"wp-session-99def954-cf59-4d95-845d-09dfc5c501e4","generateId":"wp-page-home","batchId":"wp-section-client-testimonials"}}},"elements":[{"id":"43b17ed5","settings":{"_column_size":50,"width":{"size":83,"unit":"%"},"flex_gap":{"size":49,"unit":"px","column":"49","row":"49","isLinked":true},"margin_mobile":{"unit":"px","top":"0","right":"0","bottom":"0","left":"0","isLinked":false},"padding":{"unit":"%","top":"0","right":"0","bottom":"0","left":"0","isLinked":false},"padding_mobile":{"unit":"%","top":"0","right":"0","bottom":"0","left":"0","isLinked":false},"animation_duration":"slow","animation_delay":150,"content_width":"full","flex_gap_tablet":{"unit":"px","size":20,"sizes":[],"column":"20","row":"20","isLinked":true},"flex_direction":"column","width_tablet":{"unit":"%","size":100,"sizes":[]},"width_mobile":{"unit":"%","size":"","sizes":[]},"pa_condition_repeater":[],"premium_tooltip_text":"Hi, I'm a global tooltip.","premium_tooltip_position":"top,bottom","premium_parallax_layers_list":[],"premium_gradient_colors_repeater":[],"premium_kenburns_repeater":[],"premium_lottie_repeater":[],"premium_blob_repeater":[],"pa_cursor_ftext":"Premium Follow Text","pa_badge_text":"New","ai":{"generator":"websitePlanner","baseTemplateId":"undefined","blockId":"undefined","requestIds":{"sessionId":"wp-session-99def954-cf59-4d95-845d-09dfc5c501e4","generateId":"wp-page-home","batchId":"wp-section-client-testimonials"}}},"elements":[{"id":"405361a7","settings":{"star_style":"\u2b50\u2b50\u2b50\u2b50\u2b50","align":"center","icon_size":{"unit":"px","size":30,"sizes":[]},"icon_size_mobile":{"unit":"px","size":24,"sizes":[]},"icon_space":{"unit":"px","size":8,"sizes":[]},"__globals__":{"stars_color":"globals\/colors?id=backgroundAccent"},"pa_condition_repeater":[],"premium_tooltip_text":"Hi, I'm a global tooltip.","premium_tooltip_position":"top,bottom","pa_cursor_ftext":"Premium Follow Text","pa_badge_text":"New","premium_mscroll_repeater":[],"ai":{"generator":"websitePlanner","baseTemplateId":"undefined","blockId":"undefined","requestIds":{"sessionId":"wp-session-99def954-cf59-4d95-845d-09dfc5c501e4","generateId":"wp-page-home","batchId":"wp-section-client-testimonials"}}},"elements":[],"isInner":false,"widgetType":"star-rating","elType":"widget"},{"id":"1f57187d","settings":{"testimonial_content":"BatteryPlusBGR delivered exceptional service. The team was attentive and responsive, and my expectations were met throughout the process.","testimonial_image":{"url":"","id":""},"testimonial_name":"John Doe","testimonial_job":"Project Manager","content_typography_font_size":{"unit":"px","size":24,"sizes":[]},"content_typography_font_size_tablet":{"unit":"px","size":22,"sizes":[]},"content_typography_font_size_mobile":{"unit":"px","size":18,"sizes":[]},"content_typography_font_weight":"600","content_typography_text_transform":"none","content_typography_font_style":"normal","content_typography_text_decoration":"none","content_typography_line_height":{"unit":"custom","size":"140%","sizes":[]},"content_typography_letter_spacing":{"unit":"px","size":0,"sizes":[]},"image_border_width":{"unit":"px","size":"","sizes":[]},"image_border_width_tablet":{"unit":"px","size":"","sizes":[]},"image_border_width_mobile":{"unit":"px","size":"","sizes":[]},"image_border_color":"#000","image_border_radius":{"unit":"px","size":"","sizes":[]},"name_typography_typography":"custom","name_typography_font_family":"Poppins","name_typography_font_size":{"unit":"px","size":20,"sizes":[]},"name_typography_font_weight":"600","name_typography_text_transform":"none","name_typography_font_style":"normal","name_typography_text_decoration":"none","name_typography_line_height":{"unit":"custom","size":"140%","sizes":[]},"name_typography_letter_spacing":{"unit":"px","size":0,"sizes":[]},"name_typography_word_spacing":{"unit":"em","size":"","sizes":[]},"job_typography_font_size":{"unit":"px","size":18,"sizes":[]},"job_typography_font_weight":"500","job_typography_text_transform":"none","job_typography_font_style":"normal","job_typography_text_decoration":"none","job_typography_line_height":{"unit":"custom","size":"140%","sizes":[]},"job_typography_letter_spacing":{"unit":"px","size":0,"sizes":[]},"job_typography_word_spacing":{"unit":"em","size":"","sizes":[]},"_element_custom_width_mobile":{"unit":"%","size":100,"sizes":[]},"content_typography_line_height_tablet":{"unit":"px","size":"","sizes":[]},"content_typography_line_height_mobile":{"unit":"px","size":"","sizes":[]},"name_typography_font_size_tablet":{"unit":"px","size":18,"sizes":[]},"name_typography_font_size_mobile":{"unit":"px","size":16,"sizes":[]},"name_typography_line_height_tablet":{"unit":"px","size":"","sizes":[]},"name_typography_line_height_mobile":{"unit":"px","size":"","sizes":[]},"job_typography_font_size_tablet":{"unit":"px","size":18,"sizes":[]},"job_typography_font_size_mobile":{"unit":"px","size":16,"sizes":[]},"job_typography_line_height_tablet":{"unit":"px","size":"","sizes":[]},"job_typography_line_height_mobile":{"unit":"px","size":"","sizes":[]},"__globals__":{"content_content_color":"globals\/colors?id=background","content_typography_typography":"globals\/typography?id=primary","name_text_color":"globals\/colors?id=background","name_typography_typography":"","job_text_color":"globals\/colors?id=background","job_typography_typography":"globals\/typography?id=heading-s"},"pa_condition_repeater":[],"premium_tooltip_text":"Hi, I'm a global tooltip.","premium_tooltip_position":"top,bottom","pa_cursor_ftext":"Premium Follow Text","pa_badge_text":"New","premium_mscroll_repeater":[],"ai":{"generator":"websitePlanner","baseTemplateId":"undefined","blockId":"undefined","requestIds":{"sessionId":"wp-session-99def954-cf59-4d95-845d-09dfc5c501e4","generateId":"wp-page-home","batchId":"wp-section-client-testimonials"}}},"elements":[],"isInner":false,"widgetType":"testimonial","elType":"widget"}],"isInner":true,"elType":"container"}],"isInner":true,"elType":"container"}],"isInner":false,"elType":"container"},{"id":"53c5302a","settings":{"min_height":{"unit":"px","size":450},"content_position":"middle","background_background":"classic","background_position":"center center","background_size":"cover","flex_gap":{"size":80,"unit":"px","column":"80","row":"80","isLinked":true},"padding":{"unit":"px","top":"0","right":"24","bottom":"0","left":"24","isLinked":false},"structure":"20","min_height_tablet":{"unit":"px","size":""},"min_height_mobile":{"unit":"px","size":0},"padding_tablet":{"unit":"px","top":"0","right":"16","bottom":"0","left":"16","isLinked":false},"padding_mobile":{"unit":"px","top":"48","right":"16","bottom":"48","left":"16","isLinked":false},"reverse_order_mobile":"reverse-mobile","flex_direction":"column","flex_align_items":"center","flex_direction_tablet":"row","flex_align_items_mobile":"center","flex_gap_tablet":{"unit":"px","size":32,"sizes":[],"column":"32","row":"32","isLinked":true},"boxed_width":{"unit":"px","size":750,"sizes":[]},"flex_direction_mobile":"column","flex_justify_content":"center","flex_justify_content_tablet":"space-between","flex_justify_content_mobile":"center","boxed_width_tablet":{"unit":"px","size":600,"sizes":[]},"ai":{"generator":"websitePlanner","baseTemplateId":"undefined","blockId":"undefined","requestIds":{"sessionId":"wp-session-99def954-cf59-4d95-845d-09dfc5c501e4","generateId":"wp-page-home","batchId":"wp-section-cta-contact"}},"_title":"Contact Section","__globals__":{"background_overlay_color":"globals\/colors?id=primary"}},"elements":[{"id":"16fdbcab","settings":{"_column_size":50,"width":{"size":"","unit":"px"},"padding":{"unit":"px","top":"0","right":"0","bottom":"0","left":"0","isLinked":false},"padding_mobile":{"unit":"px","top":"0","right":"0","bottom":"0","left":"0","isLinked":false},"flex_justify_content_mobile":"center","align_mobile":"center","flex_gap":{"size":24,"unit":"px","column":"24","row":"24","isLinked":true},"flex_gap_tablet":{"size":16,"unit":"px","column":"16","row":"16","isLinked":true},"content_width":"full","width_mobile":{"unit":"%","size":"","sizes":[]},"boxed_width_tablet":{"unit":"%","size":50,"sizes":[]},"boxed_width_mobile":{"unit":"%","size":"","sizes":[]},"margin":{"unit":"px","top":"0","right":"0","bottom":"0","left":"0","isLinked":false},"margin_mobile":{"unit":"px","top":"0","right":"0","bottom":"0","left":"0","isLinked":false},"ai":{"generator":"websitePlanner","baseTemplateId":"undefined","blockId":"undefined","requestIds":{"sessionId":"wp-session-99def954-cf59-4d95-845d-09dfc5c501e4","generateId":"wp-page-home","batchId":"wp-section-cta-contact"}}},"elements":[{"id":"3d730e5d","settings":{"title":"Get in Touch With Us","align":"center","typography_font_size":{"unit":"px","size":48},"typography_font_weight":"600","align_mobile":"center","typography_font_size_tablet":{"unit":"px","size":40},"typography_font_size_mobile":{"unit":"px","size":32},"typography_line_height_tablet":{"unit":"custom","size":" "},"typography_line_height":{"unit":"custom","size":"1.2","sizes":[]},"typography_line_height_mobile":{"unit":"custom","size":"","sizes":[]},"ai":{"generator":"websitePlanner","baseTemplateId":"undefined","blockId":"undefined","requestIds":{"sessionId":"wp-session-99def954-cf59-4d95-845d-09dfc5c501e4","generateId":"wp-page-home","batchId":"wp-section-cta-contact"}},"__globals__":{"title_color":"globals\/colors?id=primary","typography_typography":"globals\/typography?id=heading-l"}},"elements":[],"isInner":false,"widgetType":"heading","elType":"widget"},{"id":"2702da73","settings":{"editor":"<p>Your inquiries matter to us. Reach out anytime for questions about our products, services, or anything else. We\u2019re here to help you find the right solutions.<\/p>","align":"center","typography_font_size":{"unit":"px","size":16},"typography_font_weight":"400","typography_line_height":{"unit":"custom","size":"1.5"},"_margin":{"unit":"px","top":"0","right":"0","bottom":"-10","left":"0","isLinked":false},"align_mobile":"center","typography_font_size_mobile":{"unit":"px","size":16,"sizes":[]},"typography_line_height_tablet":{"unit":"custom","size":"1.5","sizes":[]},"typography_line_height_mobile":{"unit":"custom","size":"","sizes":[]},"ai":{"generator":"websitePlanner","baseTemplateId":"undefined","blockId":"undefined","requestIds":{"sessionId":"wp-session-99def954-cf59-4d95-845d-09dfc5c501e4","generateId":"wp-page-home","batchId":"wp-section-cta-contact"}},"__globals__":{"text_color":"globals\/colors?id=text","typography_typography":"globals\/typography?id=text"}},"elements":[],"isInner":false,"widgetType":"text-editor","elType":"widget"},{"id":"c6d1e4b","settings":{"flex_direction":"row","flex_direction_mobile":"row","flex_justify_content_mobile":"center","flex_gap":{"unit":"px","size":16,"sizes":[],"column":"16","row":"16","isLinked":true},"flex_gap_tablet":{"unit":"px","size":16,"sizes":[],"column":"16","row":"16","isLinked":true},"flex_gap_mobile":{"unit":"px","size":16,"sizes":[],"column":"16","row":"16","isLinked":true},"padding":{"unit":"px","top":"0","right":"0","bottom":"0","left":"0","isLinked":false},"flex_justify_content":"center","ai":{"generator":"websitePlanner","baseTemplateId":"undefined","blockId":"undefined","requestIds":{"sessionId":"wp-session-99def954-cf59-4d95-845d-09dfc5c501e4","generateId":"wp-page-home","batchId":"wp-section-cta-contact"}}},"elements":[{"id":"5ec634ba","settings":{"text":"Contact Us","_element_width":"auto","border_border":"solid","border_width":{"unit":"px","top":"1","right":"1","bottom":"1","left":"1","isLinked":"1"},"border_radius":{"unit":"px","top":"","right":"","bottom":"","left":"","isLinked":"1"},"text_padding":{"unit":"px","top":"12","right":"24","bottom":"12","left":"24","isLinked":""},"__globals__":{"button_text_color":"globals\/colors?id=background","hover_color":"","button_background_hover_color":"","button_hover_border_color":"","border_color":"globals\/colors?id=accent","background_color":"globals\/colors?id=accent","typography_typography":"globals\/typography?id=text"},"text_padding_mobile":{"unit":"px","top":"12","right":"24","bottom":"12","left":"24","isLinked":""},"_margin_mobile":{"unit":"px","top":"0","right":"0","bottom":"0","left":"0","isLinked":""},"typography_font_size":{"unit":"px","size":16,"sizes":[]},"typography_font_weight":"400","typography_text_transform":"capitalize","typography_font_style":"normal","typography_text_decoration":"none","typography_line_height":{"unit":"custom","size":"150%","sizes":[]},"typography_font_size_mobile":{"unit":"px","size":15,"sizes":[]},"_margin_tablet":{"unit":"px","top":"0","right":"0","bottom":"0","left":"0","isLinked":false},"align":"right","_element_custom_width":{"unit":"%","size":15,"sizes":[]},"icon_indent":{"unit":"px","size":0,"sizes":[]},"typography_font_size_tablet":{"unit":"px","size":14,"sizes":[]},"typography_line_height_tablet":{"unit":"px","size":"","sizes":[]},"typography_line_height_mobile":{"unit":"px","size":"","sizes":[]},"button_background_hover_background":"","_flex_align_self":"flex-start","ai":{"generator":"websitePlanner","baseTemplateId":"undefined","blockId":"undefined","requestIds":{"sessionId":"wp-session-99def954-cf59-4d95-845d-09dfc5c501e4","generateId":"wp-page-home","batchId":"wp-section-cta-contact"}}},"elements":[],"isInner":false,"widgetType":"button","elType":"widget"},{"id":"b5f33bd","settings":{"text":"Send Message","_element_width":"auto","border_border":"solid","border_width":{"unit":"px","top":"1","right":"1","bottom":"1","left":"1","isLinked":"1"},"border_radius":{"unit":"px","top":"","right":"","bottom":"","left":"","isLinked":"1"},"text_padding":{"unit":"px","top":"12","right":"24","bottom":"12","left":"24","isLinked":""},"__globals__":{"button_text_color":"globals\/colors?id=primary","hover_color":"","button_background_hover_color":"","button_hover_border_color":"","border_color":"globals\/colors?id=primary","background_color":"globals\/colors?id=transparent","typography_typography":"globals\/typography?id=text"},"text_padding_mobile":{"unit":"px","top":"12","right":"24","bottom":"12","left":"24","isLinked":""},"typography_font_size":{"unit":"px","size":16,"sizes":[]},"typography_font_weight":"400","typography_text_transform":"capitalize","typography_font_style":"normal","typography_text_decoration":"none","typography_line_height":{"unit":"custom","size":"150%","sizes":[]},"typography_font_size_mobile":{"unit":"px","size":15,"sizes":[]},"align":"right","_element_custom_width":{"unit":"%","size":15,"sizes":[]},"icon_indent":{"unit":"px","size":0,"sizes":[]},"typography_font_size_tablet":{"unit":"px","size":14,"sizes":[]},"typography_line_height_tablet":{"unit":"px","size":"","sizes":[]},"typography_line_height_mobile":{"unit":"px","size":"","sizes":[]},"button_background_hover_background":"","_flex_align_self":"flex-start","ai":{"generator":"websitePlanner","baseTemplateId":"undefined","blockId":"undefined","requestIds":{"sessionId":"wp-session-99def954-cf59-4d95-845d-09dfc5c501e4","generateId":"wp-page-home","batchId":"wp-section-cta-contact"}}},"elements":[],"isInner":false,"widgetType":"button","elType":"widget"}],"isInner":true,"elType":"container"}],"isInner":true,"elType":"container"}],"isInner":false,"elType":"container"},{"id":"a728802","settings":{"min_height":{"unit":"px","size":""},"content_position":"middle","background_background":"classic","background_position":"center center","background_size":"cover","flex_gap":{"size":80,"unit":"px","column":"80","row":"80","isLinked":true},"padding":{"unit":"px","top":"100","right":"24","bottom":"100","left":"24","isLinked":false},"structure":"20","min_height_tablet":{"unit":"px","size":""},"min_height_mobile":{"unit":"px","size":0},"padding_tablet":{"unit":"px","top":"80","right":"16","bottom":"80","left":"16","isLinked":false},"padding_mobile":{"unit":"px","top":"48","right":"16","bottom":"48","left":"16","isLinked":false},"reverse_order_mobile":"reverse-mobile","flex_direction":"row","flex_align_items":"center","flex_direction_tablet":"row","flex_align_items_mobile":"center","flex_gap_tablet":{"unit":"px","size":32,"sizes":[],"column":"32","row":"32","isLinked":true},"boxed_width":{"unit":"px","size":1280,"sizes":[]},"flex_direction_mobile":"column","flex_justify_content":"space-between","flex_justify_content_tablet":"space-between","flex_justify_content_mobile":"center","ai":{"generator":"websitePlanner","baseTemplateId":"undefined","blockId":"undefined","requestIds":{"sessionId":"wp-session-99def954-cf59-4d95-845d-09dfc5c501e4","generateId":"wp-page-home","batchId":"wp-section-latest-news"}},"_title":"Latest News & Subscription","__globals__":{"background_overlay_color":"globals\/colors?id=primary"}},"elements":[{"id":"5ae7e0de","settings":{"content_width":"full","width":{"unit":"px","size":"","sizes":[]},"width_mobile":{"unit":"%","size":"","sizes":[]},"margin":{"unit":"px","top":"0","right":"0","bottom":"0","left":"0","isLinked":false},"padding":{"unit":"px","top":"0","right":"0","bottom":"0","left":"0","isLinked":false},"ai":{"generator":"websitePlanner","baseTemplateId":"undefined","blockId":"undefined","requestIds":{"sessionId":"wp-session-99def954-cf59-4d95-845d-09dfc5c501e4","generateId":"wp-page-home","batchId":"wp-section-latest-news"}}},"elements":[{"id":"1bb07b40","settings":{"image":{"id":567610,"url":"https:\/\/qdpenjjp.elementor.cloud\/wp-content\/uploads\/2025\/06\/placeholder-demo-image-marquee-616x400-1-1.jpg"},"image_size":"full","space":{"unit":"px","size":""},"space_tablet":{"unit":"%","size":""},"space_mobile":{"unit":"%","size":""},"width":{"unit":"px","size":"","sizes":[]},"width_mobile":{"unit":"px","size":"","sizes":[]},"height_tablet":{"unit":"%","size":"","sizes":[]},"height_mobile":{"unit":"%","size":"","sizes":[]},"ai":{"generator":"websitePlanner","baseTemplateId":"undefined","blockId":"undefined","requestIds":{"sessionId":"wp-session-99def954-cf59-4d95-845d-09dfc5c501e4","generateId":"wp-page-home","batchId":"wp-section-latest-news"}}},"elements":[],"isInner":false,"widgetType":"image","elType":"widget"}],"isInner":true,"elType":"container"},{"id":"6857b35f","settings":{"_column_size":50,"width":{"size":"","unit":"px"},"padding":{"unit":"px","top":"0","right":"0","bottom":"0","left":"0","isLinked":false},"padding_mobile":{"unit":"px","top":"0","right":"0","bottom":"0","left":"0","isLinked":false},"flex_justify_content_mobile":"center","align_mobile":"center","flex_gap":{"size":24,"unit":"px","column":"24","row":"24","isLinked":true},"flex_gap_tablet":{"size":16,"unit":"px","column":"16","row":"16","isLinked":true},"content_width":"full","width_mobile":{"unit":"%","size":"","sizes":[]},"boxed_width_tablet":{"unit":"%","size":50,"sizes":[]},"boxed_width_mobile":{"unit":"%","size":"","sizes":[]},"margin":{"unit":"px","top":"0","right":"0","bottom":"0","left":"0","isLinked":false},"margin_mobile":{"unit":"px","top":"0","right":"0","bottom":"0","left":"0","isLinked":false},"ai":{"generator":"websitePlanner","baseTemplateId":"undefined","blockId":"undefined","requestIds":{"sessionId":"wp-session-99def954-cf59-4d95-845d-09dfc5c501e4","generateId":"wp-page-home","batchId":"wp-section-latest-news"}}},"elements":[{"id":"4de9b2d2","settings":{"title":"Latest Insights and Updates","typography_font_size":{"unit":"px","size":48},"typography_font_weight":"600","align_mobile":"left","typography_font_size_tablet":{"unit":"px","size":40},"typography_font_size_mobile":{"unit":"px","size":32},"typography_line_height_tablet":{"unit":"custom","size":" "},"typography_line_height":{"unit":"custom","size":"1.2","sizes":[]},"typography_line_height_mobile":{"unit":"custom","size":"","sizes":[]},"ai":{"generator":"websitePlanner","baseTemplateId":"undefined","blockId":"undefined","requestIds":{"sessionId":"wp-session-99def954-cf59-4d95-845d-09dfc5c501e4","generateId":"wp-page-home","batchId":"wp-section-latest-news"}},"__globals__":{"title_color":"globals\/colors?id=primary","typography_typography":"globals\/typography?id=heading-l"}},"elements":[],"isInner":false,"widgetType":"heading","elType":"widget"},{"id":"671f52c9","settings":{"editor":"<p>Stay up to date with our latest articles and news. Discover insights that matter and subscribe to receive updates directly to your inbox. Each post is crafted to keep you informed and engaged.<\/p>","typography_font_size":{"unit":"px","size":16},"typography_font_weight":"400","typography_line_height":{"unit":"custom","size":"1.5"},"_margin":{"unit":"px","top":"0","right":"0","bottom":"-10","left":"0","isLinked":false},"align_mobile":"left","typography_font_size_mobile":{"unit":"px","size":16,"sizes":[]},"typography_line_height_tablet":{"unit":"custom","size":"1.5","sizes":[]},"typography_line_height_mobile":{"unit":"custom","size":"","sizes":[]},"ai":{"generator":"websitePlanner","baseTemplateId":"undefined","blockId":"undefined","requestIds":{"sessionId":"wp-session-99def954-cf59-4d95-845d-09dfc5c501e4","generateId":"wp-page-home","batchId":"wp-section-latest-news"}},"__globals__":{"text_color":"globals\/colors?id=text","typography_typography":"globals\/typography?id=text"}},"elements":[],"isInner":false,"widgetType":"text-editor","elType":"widget"}],"isInner":true,"elType":"container"}],"isInner":false,"elType":"container"},{"id":"4575ead8","settings":{"layout":"full_width","flex_gap":{"size":80,"unit":"px","column":"80","row":"80","isLinked":true},"padding":{"unit":"px","top":"0100","right":"24","bottom":"100","left":"24","isLinked":false},"content_position":"middle","background_background":"classic","__globals__":{"background_color":"globals\/colors?id=backgroundAccent","background_overlay_color":"globals\/colors?id=primary"},"padding_tablet":{"unit":"px","top":"80","right":"24","bottom":"80","left":"24","isLinked":false},"padding_mobile":{"unit":"px","top":"48","right":"16","bottom":"48","left":"16","isLinked":false},"_title":"Our Credentials","flex_direction":"column","flex_align_items":"center","flex_gap_mobile":{"unit":"px","size":48,"sizes":[],"row":"48","column":"48","isLinked":true},"boxed_width":{"unit":"px","size":1280,"sizes":[]},"min_height":{"unit":"px","size":""},"min_height_tablet":{"unit":"px","size":""},"min_height_mobile":{"unit":"px","size":0},"flex_direction_tablet":"column","flex_direction_mobile":"column","flex_justify_content":"center","flex_justify_content_tablet":"space-between","flex_justify_content_mobile":"center","flex_align_items_mobile":"center","flex_gap_tablet":{"unit":"px","size":48,"sizes":[],"column":"48","row":"48","isLinked":true},"background_position":"center center","background_size":"cover","ai":{"generator":"websitePlanner","baseTemplateId":"undefined","blockId":"undefined","requestIds":{"sessionId":"wp-session-99def954-cf59-4d95-845d-09dfc5c501e4","generateId":"wp-page-home","batchId":"wp-section-trust-badges"}}},"elements":[{"id":"2658def5","settings":{"title":"Certifications","align":"center","__globals__":{"typography_typography":"globals\/typography?id=heading-l","title_color":"globals\/colors?id=primary"},"typography_font_size":{"unit":"px","size":48,"sizes":[]},"typography_font_size_tablet":{"unit":"px","size":40,"sizes":[]},"typography_font_size_mobile":{"unit":"px","size":32,"sizes":[]},"typography_font_weight":"600","typography_line_height":{"unit":"custom","size":"120%","sizes":[]},"typography_line_height_tablet":{"unit":"custom","size":"","sizes":[]},"typography_line_height_mobile":{"unit":"custom","size":"120%","sizes":[]},"typography_font_style":"normal","typography_text_decoration":"none","ai":{"generator":"websitePlanner","baseTemplateId":"undefined","blockId":"undefined","requestIds":{"sessionId":"wp-session-99def954-cf59-4d95-845d-09dfc5c501e4","generateId":"wp-page-home","batchId":"wp-section-trust-badges"}}},"elements":[],"isInner":false,"widgetType":"heading","elType":"widget"},{"id":"6f702534","settings":{"layout":"full_width","flex_gap":{"size":48,"unit":"px","row":"48","column":"48","isLinked":true},"structure":"40","padding_tablet":{"unit":"px","top":"","right":"","bottom":"","left":"","isLinked":""},"flex_direction":"row","content_width":"full","width_tablet":{"unit":"%","size":"","sizes":[]},"width_mobile":{"unit":"%","size":"","sizes":[]},"flex_justify_content":"space-between","flex_gap_tablet":{"unit":"px","size":90,"sizes":[],"column":"90","row":"90","isLinked":true},"flex_gap_mobile":{"unit":"px","size":70,"sizes":[],"column":"70","row":"70","isLinked":true},"flex_wrap_tablet":"wrap","flex_justify_content_mobile":"center","padding_mobile":{"unit":"%","top":"0","right":"0","bottom":"0","left":"0","isLinked":false},"flex_wrap_mobile":"wrap","ai":{"generator":"websitePlanner","baseTemplateId":"undefined","blockId":"undefined","requestIds":{"sessionId":"wp-session-99def954-cf59-4d95-845d-09dfc5c501e4","generateId":"wp-page-home","batchId":"wp-section-trust-badges"}}},"elements":[{"id":"7f96072e","settings":{"title_text":"ISO 9001 Certified","description_text":"","title_size":"h4","text_align":"center","__globals__":{"primary_color":"globals\/colors?id=accent","secondary_color":"globals\/colors?id=accent","title_typography_typography":"globals\/typography?id=primary","description_typography_typography":"globals\/typography?id=text","title_color":"globals\/colors?id=primary","description_color":"globals\/colors?id=text"},"hover_animation":"shrink","icon_space":{"unit":"px","size":"20","sizes":[]},"icon_size":{"unit":"px","size":100,"sizes":[]},"icon_padding":{"unit":"px","size":"20","sizes":[]},"border_radius":{"unit":"px","top":"12","right":"12","bottom":"12","left":"12","isLinked":"1"},"title_bottom_space":{"unit":"px","size":"10","sizes":[]},"_element_custom_width":{"unit":"%","size":25,"sizes":[]},"_element_width":"initial","_element_custom_width_tablet":{"unit":"%","size":40,"sizes":[]},"_element_custom_width_mobile":{"unit":"%","size":35,"sizes":[]},"title_typography_font_size":{"unit":"px","size":24,"sizes":[]},"title_typography_font_size_mobile":{"unit":"px","size":18,"sizes":[]},"title_typography_font_weight":"600","title_typography_text_transform":"none","title_typography_font_style":"normal","title_typography_text_decoration":"none","title_typography_line_height":{"unit":"custom","size":"140%","sizes":[]},"title_typography_letter_spacing":{"unit":"px","size":0,"sizes":[]},"description_typography_font_size":{"unit":"px","size":16,"sizes":[]},"description_typography_font_size_tablet":{"unit":"px","size":14,"sizes":[]},"description_typography_font_weight":"400","description_typography_text_transform":"none","description_typography_font_style":"normal","description_typography_text_decoration":"none","description_typography_line_height":{"unit":"em","size":1.5,"sizes":[]},"description_typography_letter_spacing":{"unit":"px","size":0,"sizes":[]},"title_typography_font_size_tablet":{"unit":"px","size":22,"sizes":[]},"title_typography_line_height_tablet":{"unit":"px","size":"","sizes":[]},"title_typography_line_height_mobile":{"unit":"px","size":"","sizes":[]},"description_typography_word_spacing":{"unit":"em","size":"","sizes":[]},"selected_icon":{"value":"fas fa-shield-alt","library":"fa-solid"},"ai":{"generator":"websitePlanner","baseTemplateId":"undefined","blockId":"undefined","requestIds":{"sessionId":"wp-session-99def954-cf59-4d95-845d-09dfc5c501e4","generateId":"wp-page-home","batchId":"wp-section-trust-badges"}}},"elements":[],"isInner":false,"widgetType":"icon-box","elType":"widget"},{"id":"428099ba","settings":{"title_text":"Certified Green Business","description_text":"","title_size":"h4","text_align":"center","__globals__":{"primary_color":"globals\/colors?id=accent","secondary_color":"globals\/colors?id=accent","title_typography_typography":"globals\/typography?id=primary","description_typography_typography":"globals\/typography?id=text","title_color":"globals\/colors?id=primary","description_color":"globals\/colors?id=text"},"hover_animation":"shrink","icon_space":{"unit":"px","size":"20","sizes":[]},"icon_size":{"unit":"px","size":100,"sizes":[]},"icon_padding":{"unit":"px","size":"20","sizes":[]},"border_radius":{"unit":"px","top":"12","right":"12","bottom":"12","left":"12","isLinked":"1"},"title_bottom_space":{"unit":"px","size":"10","sizes":[]},"_element_custom_width":{"unit":"%","size":25,"sizes":[]},"_element_width":"initial","_element_custom_width_tablet":{"unit":"%","size":40,"sizes":[]},"_element_custom_width_mobile":{"unit":"%","size":35,"sizes":[]},"title_typography_font_size":{"unit":"px","size":24,"sizes":[]},"title_typography_font_size_mobile":{"unit":"px","size":18,"sizes":[]},"title_typography_font_weight":"600","title_typography_text_transform":"none","title_typography_font_style":"normal","title_typography_text_decoration":"none","title_typography_line_height":{"unit":"custom","size":"140%","sizes":[]},"title_typography_letter_spacing":{"unit":"px","size":0,"sizes":[]},"description_typography_font_size":{"unit":"px","size":16,"sizes":[]},"description_typography_font_size_tablet":{"unit":"px","size":14,"sizes":[]},"description_typography_font_weight":"400","description_typography_text_transform":"none","description_typography_font_style":"normal","description_typography_text_decoration":"none","description_typography_line_height":{"unit":"em","size":1.5,"sizes":[]},"description_typography_letter_spacing":{"unit":"px","size":0,"sizes":[]},"title_typography_font_size_tablet":{"unit":"px","size":22,"sizes":[]},"title_typography_line_height_tablet":{"unit":"px","size":"","sizes":[]},"title_typography_line_height_mobile":{"unit":"px","size":"","sizes":[]},"description_typography_word_spacing":{"unit":"em","size":"","sizes":[]},"selected_icon":{"value":"fas fa-shield-alt","library":"fa-solid"},"ai":{"generator":"websitePlanner","baseTemplateId":"undefined","blockId":"undefined","requestIds":{"sessionId":"wp-session-99def954-cf59-4d95-845d-09dfc5c501e4","generateId":"wp-page-home","batchId":"wp-section-trust-badges"}}},"elements":[],"isInner":false,"widgetType":"icon-box","elType":"widget"},{"id":"1e88c825","settings":{"title_text":"Safe & Secure Payments","description_text":"","title_size":"h4","text_align":"center","__globals__":{"primary_color":"globals\/colors?id=accent","secondary_color":"globals\/colors?id=accent","title_typography_typography":"globals\/typography?id=primary","description_typography_typography":"globals\/typography?id=text","title_color":"globals\/colors?id=primary","description_color":"globals\/colors?id=text"},"hover_animation":"shrink","icon_space":{"unit":"px","size":"20","sizes":[]},"icon_size":{"unit":"px","size":100,"sizes":[]},"icon_padding":{"unit":"px","size":"20","sizes":[]},"border_radius":{"unit":"px","top":"12","right":"12","bottom":"12","left":"12","isLinked":"1"},"title_bottom_space":{"unit":"px","size":"10","sizes":[]},"_element_custom_width":{"unit":"%","size":25,"sizes":[]},"_element_width":"initial","_element_custom_width_tablet":{"unit":"%","size":40,"sizes":[]},"_element_custom_width_mobile":{"unit":"%","size":35,"sizes":[]},"title_typography_font_size":{"unit":"px","size":24,"sizes":[]},"title_typography_font_size_mobile":{"unit":"px","size":18,"sizes":[]},"title_typography_font_weight":"600","title_typography_text_transform":"none","title_typography_font_style":"normal","title_typography_text_decoration":"none","title_typography_line_height":{"unit":"custom","size":"140%","sizes":[]},"title_typography_letter_spacing":{"unit":"px","size":0,"sizes":[]},"description_typography_font_size":{"unit":"px","size":16,"sizes":[]},"description_typography_font_size_tablet":{"unit":"px","size":14,"sizes":[]},"description_typography_font_weight":"400","description_typography_text_transform":"none","description_typography_font_style":"normal","description_typography_text_decoration":"none","description_typography_line_height":{"unit":"em","size":1.5,"sizes":[]},"description_typography_letter_spacing":{"unit":"px","size":0,"sizes":[]},"title_typography_font_size_tablet":{"unit":"px","size":22,"sizes":[]},"title_typography_line_height_tablet":{"unit":"px","size":"","sizes":[]},"title_typography_line_height_mobile":{"unit":"px","size":"","sizes":[]},"description_typography_word_spacing":{"unit":"em","size":"","sizes":[]},"selected_icon":{"value":"fas fa-shield-alt","library":"fa-solid"},"ai":{"generator":"websitePlanner","baseTemplateId":"undefined","blockId":"undefined","requestIds":{"sessionId":"wp-session-99def954-cf59-4d95-845d-09dfc5c501e4","generateId":"wp-page-home","batchId":"wp-section-trust-badges"}}},"elements":[],"isInner":false,"widgetType":"icon-box","elType":"widget"},{"id":"1789a887","settings":{"title_text":"Customer Satisfaction Award","description_text":"","title_size":"h4","text_align":"center","__globals__":{"primary_color":"globals\/colors?id=accent","secondary_color":"globals\/colors?id=accent","title_typography_typography":"globals\/typography?id=primary","description_typography_typography":"globals\/typography?id=text","title_color":"globals\/colors?id=primary","description_color":"globals\/colors?id=text"},"hover_animation":"shrink","icon_space":{"unit":"px","size":"20","sizes":[]},"icon_size":{"unit":"px","size":100,"sizes":[]},"icon_padding":{"unit":"px","size":"20","sizes":[]},"border_radius":{"unit":"px","top":"12","right":"12","bottom":"12","left":"12","isLinked":"1"},"title_bottom_space":{"unit":"px","size":"10","sizes":[]},"_element_custom_width":{"unit":"%","size":25,"sizes":[]},"_element_width":"initial","_element_custom_width_tablet":{"unit":"%","size":40,"sizes":[]},"_element_custom_width_mobile":{"unit":"%","size":35,"sizes":[]},"title_typography_font_size":{"unit":"px","size":24,"sizes":[]},"title_typography_font_size_mobile":{"unit":"px","size":18,"sizes":[]},"title_typography_font_weight":"600","title_typography_text_transform":"none","title_typography_font_style":"normal","title_typography_text_decoration":"none","title_typography_line_height":{"unit":"custom","size":"140%","sizes":[]},"title_typography_letter_spacing":{"unit":"px","size":0,"sizes":[]},"description_typography_font_size":{"unit":"px","size":16,"sizes":[]},"description_typography_font_size_tablet":{"unit":"px","size":14,"sizes":[]},"description_typography_font_weight":"400","description_typography_text_transform":"none","description_typography_font_style":"normal","description_typography_text_decoration":"none","description_typography_line_height":{"unit":"em","size":1.5,"sizes":[]},"description_typography_letter_spacing":{"unit":"px","size":0,"sizes":[]},"title_typography_font_size_tablet":{"unit":"px","size":22,"sizes":[]},"title_typography_line_height_tablet":{"unit":"px","size":"","sizes":[]},"title_typography_line_height_mobile":{"unit":"px","size":"","sizes":[]},"description_typography_word_spacing":{"unit":"em","size":"","sizes":[]},"selected_icon":{"value":"fas fa-shield-alt","library":"fa-solid"},"ai":{"generator":"websitePlanner","baseTemplateId":"undefined","blockId":"undefined","requestIds":{"sessionId":"wp-session-99def954-cf59-4d95-845d-09dfc5c501e4","generateId":"wp-page-home","batchId":"wp-section-trust-badges"}}},"elements":[],"isInner":false,"widgetType":"icon-box","elType":"widget"}],"isInner":true,"elType":"container"}],"isInner":false,"elType":"container"}],"settings":{"template":"default"},"metadata":[]}