{"content":[{"id":"55ace2f","settings":{"gap_columns_custom_mobile":{"unit":"px","size":143,"sizes":[]},"custom_height":{"unit":"px","size":200,"sizes":[]},"custom_height_tablet":{"unit":"px","size":250,"sizes":[]},"custom_height_mobile":{"unit":"px","size":180,"sizes":[]},"flex_align_items":"flex-start","structure":"20","padding":{"unit":"px","top":"0","right":"24","bottom":"0","left":"24","isLinked":false},"padding_tablet":{"unit":"px","top":"0","right":"16","bottom":"0","left":"16","isLinked":false},"padding_mobile":{"unit":"px","top":"48","right":"16","bottom":"48","left":"16","isLinked":false},"flex_direction":"column","flex_gap":{"size":24,"unit":"px","column":"24","row":"24","isLinked":true},"boxed_width":{"unit":"px","size":1280,"sizes":[]},"flex_gap_tablet":{"unit":"px","size":24,"sizes":[],"column":"24","row":"24","isLinked":true},"flex_gap_mobile":{"unit":"px","size":16,"sizes":[],"column":"16","row":"16","isLinked":true},"background_background":"classic","background_image":{"id":567599,"url":"https:\/\/qdpenjjp.elementor.cloud\/wp-content\/uploads\/2025\/06\/wireframe-img.png"},"background_position":"center center","background_repeat":"no-repeat","background_size":"cover","background_overlay_background":"classic","background_overlay_opacity":{"unit":"px","size":0.6,"sizes":[]},"flex_justify_content":"center","min_height":{"unit":"px","size":450,"sizes":[]},"min_height_mobile":{"unit":"px","size":0,"sizes":[]},"pa_condition_repeater":[],"premium_tooltip_text":"Hi, I'm a global tooltip.","premium_tooltip_position":"top,bottom","premium_parallax_layers_list":[],"premium_gradient_colors_repeater":[],"premium_kenburns_repeater":[],"premium_lottie_repeater":[],"premium_blob_repeater":[],"pa_cursor_ftext":"Premium Follow Text","pa_badge_text":"New","__globals__":{"background_overlay_color":"globals\/colors?id=secondary"},"ai":{"generator":"websitePlanner","baseTemplateId":"undefined","blockId":"undefined","requestIds":{"sessionId":"wp-session-99def954-cf59-4d95-845d-09dfc5c501e4","generateId":"wp-page-testimonials-partners","batchId":"wp-section-mini-hero-section"}},"_title":"Get the Best Battery Solutions"},"elements":[{"id":"16d493f2","settings":{"title":"Your Trusted Partner","header_size":"h5","typography_font_size":{"unit":"px","size":18,"sizes":[]},"typography_font_weight":"500","__globals__":{"title_color":"globals\/colors?id=background","typography_typography":"globals\/typography?id=heading-s"},"pa_condition_repeater":[],"premium_tooltip_text":"Hi, I'm a global tooltip.","premium_tooltip_position":"top,bottom","pa_cursor_ftext":"Premium Follow Text","pa_badge_text":"New","premium_mscroll_repeater":[],"typography_font_size_tablet":{"unit":"px","size":18,"sizes":[]},"typography_font_size_mobile":{"unit":"px","size":16,"sizes":[]},"typography_text_transform":"none","typography_font_style":"normal","typography_text_decoration":"none","typography_line_height":{"unit":"custom","size":"140%","sizes":[]},"typography_line_height_tablet":{"unit":"px","size":"","sizes":[]},"typography_line_height_mobile":{"unit":"px","size":"","sizes":[]},"typography_letter_spacing":{"unit":"px","size":0,"sizes":[]},"typography_word_spacing":{"unit":"em","size":"","sizes":[]},"ai":{"generator":"websitePlanner","baseTemplateId":"undefined","blockId":"undefined","requestIds":{"sessionId":"wp-session-99def954-cf59-4d95-845d-09dfc5c501e4","generateId":"wp-page-testimonials-partners","batchId":"wp-section-mini-hero-section"}}},"elements":[],"isInner":false,"widgetType":"heading","elType":"widget"},{"id":"e7687b3","settings":{"title":"Leading the Battery Solutions Industry","typography_font_size":{"unit":"px","size":48},"typography_font_weight":"600","typography_font_size_tablet":{"unit":"px","size":40},"typography_font_size_mobile":{"unit":"px","size":32},"typography_line_height_tablet":{"unit":"custom","size":" "},"typography_line_height":{"unit":"custom","size":"1.2","sizes":[]},"typography_line_height_mobile":{"unit":"custom","size":"","sizes":[]},"__globals__":{"title_color":"globals\/colors?id=background","typography_typography":"globals\/typography?id=heading-l"},"pa_condition_repeater":[],"premium_tooltip_text":"Hi, I'm a global tooltip.","premium_tooltip_position":"top,bottom","pa_cursor_ftext":"Premium Follow Text","pa_badge_text":"New","premium_mscroll_repeater":[],"ai":{"generator":"websitePlanner","baseTemplateId":"undefined","blockId":"undefined","requestIds":{"sessionId":"wp-session-99def954-cf59-4d95-845d-09dfc5c501e4","generateId":"wp-page-testimonials-partners","batchId":"wp-section-mini-hero-section"}}},"elements":[],"isInner":false,"widgetType":"heading","elType":"widget"},{"id":"4b3e4628","settings":{"editor":"<p>At BatteryPlus, we connect you with reliable battery solutions tailored to meet your needs. Explore our partnerships and see why customers trust us for quality and service.<\/p>","typography_font_size":{"unit":"px","size":16},"typography_font_weight":"400","typography_line_height":{"unit":"custom","size":"1.5"},"_margin":{"unit":"px","top":"0","right":"0","bottom":"-10","left":"0","isLinked":false},"typography_font_size_mobile":{"unit":"px","size":16,"sizes":[]},"typography_line_height_tablet":{"unit":"custom","size":"1.5","sizes":[]},"typography_line_height_mobile":{"unit":"custom","size":"","sizes":[]},"_element_width":"initial","_element_custom_width":{"unit":"%","size":50,"sizes":[]},"_element_custom_width_tablet":{"unit":"%","size":60,"sizes":[]},"_element_custom_width_mobile":{"unit":"%","size":100,"sizes":[]},"__globals__":{"text_color":"globals\/colors?id=background","typography_typography":"globals\/typography?id=text"},"pa_condition_repeater":[],"premium_tooltip_text":"Hi, I'm a global tooltip.","premium_tooltip_position":"top,bottom","pa_cursor_ftext":"Premium Follow Text","pa_badge_text":"New","premium_mscroll_repeater":[],"ai":{"generator":"websitePlanner","baseTemplateId":"undefined","blockId":"undefined","requestIds":{"sessionId":"wp-session-99def954-cf59-4d95-845d-09dfc5c501e4","generateId":"wp-page-testimonials-partners","batchId":"wp-section-mini-hero-section"}}},"elements":[],"isInner":false,"widgetType":"text-editor","elType":"widget"},{"id":"4c170070","settings":{"flex_direction":"row","flex_direction_mobile":"row","flex_justify_content_mobile":"flex-start","flex_gap":{"unit":"px","size":24,"sizes":[],"column":"24","row":"24","isLinked":true},"flex_gap_tablet":{"unit":"px","size":16,"sizes":[],"column":"16","row":"16","isLinked":true},"flex_gap_mobile":{"unit":"px","size":16,"sizes":[],"column":"16","row":"16","isLinked":true},"padding":{"unit":"px","top":"0","right":"0","bottom":"0","left":"0","isLinked":false},"boxed_width":{"unit":"px","size":1280,"sizes":[]},"content_width":"full","ai":{"generator":"websitePlanner","baseTemplateId":"undefined","blockId":"undefined","requestIds":{"sessionId":"wp-session-99def954-cf59-4d95-845d-09dfc5c501e4","generateId":"wp-page-testimonials-partners","batchId":"wp-section-mini-hero-section"}}},"elements":[{"id":"1834183f","settings":{"text":"Get Started","_element_width":"auto","border_border":"solid","border_width":{"unit":"px","top":"1","right":"1","bottom":"1","left":"1","isLinked":"1"},"border_radius":{"unit":"px","top":"","right":"","bottom":"","left":"","isLinked":"1"},"text_padding":{"unit":"px","top":"12","right":"24","bottom":"12","left":"24","isLinked":""},"__globals__":{"button_text_color":"globals\/colors?id=background","hover_color":"","button_background_hover_color":"","button_hover_border_color":"","border_color":"globals\/colors?id=accent","background_color":"globals\/colors?id=accent","typography_typography":"globals\/typography?id=text"},"text_padding_mobile":{"unit":"px","top":"12","right":"24","bottom":"12","left":"24","isLinked":""},"_margin_mobile":{"unit":"px","top":"0","right":"0","bottom":"0","left":"0","isLinked":""},"typography_font_size":{"unit":"px","size":16,"sizes":[]},"typography_font_weight":"400","typography_text_transform":"capitalize","typography_font_style":"normal","typography_text_decoration":"none","typography_line_height":{"unit":"custom","size":"150%","sizes":[]},"typography_font_size_mobile":{"unit":"px","size":15,"sizes":[]},"_margin_tablet":{"unit":"px","top":"0","right":"0","bottom":"0","left":"0","isLinked":false},"_element_custom_width":{"unit":"%","size":15,"sizes":[]},"icon_indent":{"unit":"px","size":0,"sizes":[]},"typography_font_size_tablet":{"unit":"px","size":14,"sizes":[]},"typography_line_height_tablet":{"unit":"px","size":"","sizes":[]},"typography_line_height_mobile":{"unit":"px","size":"","sizes":[]},"button_background_hover_background":"","_flex_align_self":"flex-start","align_mobile":"right","ai":{"generator":"websitePlanner","baseTemplateId":"undefined","blockId":"undefined","requestIds":{"sessionId":"wp-session-99def954-cf59-4d95-845d-09dfc5c501e4","generateId":"wp-page-testimonials-partners","batchId":"wp-section-mini-hero-section"}}},"elements":[],"isInner":false,"widgetType":"button","elType":"widget"},{"id":"1e260c33","settings":{"text":"Learn More","_element_width":"auto","border_border":"solid","border_width":{"unit":"px","top":"1","right":"1","bottom":"1","left":"1","isLinked":"1"},"border_radius":{"unit":"px","top":"","right":"","bottom":"","left":"","isLinked":"1"},"text_padding":{"unit":"px","top":"12","right":"24","bottom":"12","left":"24","isLinked":""},"__globals__":{"button_text_color":"globals\/colors?id=background","hover_color":"","button_background_hover_color":"","button_hover_border_color":"","border_color":"globals\/colors?id=background","background_color":"globals\/colors?id=transparent","typography_typography":"globals\/typography?id=text"},"text_padding_mobile":{"unit":"px","top":"12","right":"24","bottom":"12","left":"24","isLinked":""},"typography_font_size":{"unit":"px","size":16,"sizes":[]},"typography_font_weight":"400","typography_text_transform":"capitalize","typography_font_style":"normal","typography_text_decoration":"none","typography_line_height":{"unit":"custom","size":"150%","sizes":[]},"typography_font_size_mobile":{"unit":"px","size":15,"sizes":[]},"_element_custom_width":{"unit":"%","size":15,"sizes":[]},"icon_indent":{"unit":"px","size":0,"sizes":[]},"typography_font_size_tablet":{"unit":"px","size":14,"sizes":[]},"typography_line_height_tablet":{"unit":"px","size":"","sizes":[]},"typography_line_height_mobile":{"unit":"px","size":"","sizes":[]},"button_background_hover_background":"","_flex_align_self":"flex-start","align_mobile":"right","ai":{"generator":"websitePlanner","baseTemplateId":"undefined","blockId":"undefined","requestIds":{"sessionId":"wp-session-99def954-cf59-4d95-845d-09dfc5c501e4","generateId":"wp-page-testimonials-partners","batchId":"wp-section-mini-hero-section"}}},"elements":[],"isInner":false,"widgetType":"button","elType":"widget"}],"isInner":true,"elType":"container"}],"isInner":false,"elType":"container"},{"id":"108a014f","settings":{"gap_columns_custom_mobile":{"unit":"px","size":143,"sizes":[]},"custom_height":{"unit":"px","size":200,"sizes":[]},"custom_height_tablet":{"unit":"px","size":250,"sizes":[]},"custom_height_mobile":{"unit":"px","size":180,"sizes":[]},"flex_align_items":"flex-start","structure":"20","padding":{"unit":"px","top":"100","right":"24","bottom":"100","left":"24","isLinked":false},"padding_tablet":{"unit":"px","top":"80","right":"16","bottom":"80","left":"16","isLinked":false},"padding_mobile":{"unit":"px","top":"48","right":"16","bottom":"48","left":"16","isLinked":false},"flex_direction":"row","flex_gap":{"size":80,"unit":"px","column":"80","row":"80","isLinked":true},"boxed_width":{"unit":"px","size":1280,"sizes":[]},"flex_gap_tablet":{"unit":"px","size":16,"sizes":[],"column":"16","row":"16","isLinked":true},"flex_gap_mobile":{"unit":"px","size":16,"sizes":[],"column":"16","row":"16","isLinked":true},"min_height_tablet":{"unit":"px","size":0,"sizes":[]},"flex_align_items_tablet":"flex-start","background_background":"classic","background_image":{"url":"","id":"","size":"","alt":"","source":"library"},"background_position":"center center","background_repeat":"no-repeat","background_size":"cover","background_overlay_opacity":{"unit":"px","size":0.6,"sizes":[]},"__globals__":{"background_color":"globals\/colors?id=secondary","background_overlay_color":"globals\/colors?id=primary"},"pa_condition_repeater":[],"premium_tooltip_text":"Hi, I'm a global tooltip.","premium_tooltip_position":"top,bottom","premium_parallax_layers_list":[],"premium_gradient_colors_repeater":[],"premium_kenburns_repeater":[],"premium_lottie_repeater":[],"premium_blob_repeater":[],"pa_cursor_ftext":"Premium Follow Text","pa_badge_text":"New","ai":{"generator":"websitePlanner","baseTemplateId":"undefined","blockId":"undefined","requestIds":{"sessionId":"wp-session-99def954-cf59-4d95-845d-09dfc5c501e4","generateId":"wp-page-testimonials-partners","batchId":"wp-section-testimonial-carousel"}},"_title":"Client Feedback Section"},"elements":[{"id":"48479c8","settings":{"_column_size":50,"width":{"size":null,"unit":"%"},"padding_mobile":{"unit":"px","top":"0","right":"0","bottom":"0","left":"0","isLinked":false},"flex_justify_content_mobile":"center","flex_gap":{"size":16,"unit":"px","column":"16","row":"16","isLinked":true},"flex_gap_tablet":{"size":16,"unit":"px","column":"16","row":"16","isLinked":true},"padding_tablet":{"unit":"px","top":"0","right":"0","bottom":"0","left":"0","isLinked":false},"content_width":"full","padding":{"unit":"px","top":"0","right":"0","bottom":"0","left":"0","isLinked":false},"pa_condition_repeater":[],"premium_tooltip_text":"Hi, I'm a global tooltip.","premium_tooltip_position":"top,bottom","premium_parallax_layers_list":[],"premium_gradient_colors_repeater":[],"premium_kenburns_repeater":[],"premium_lottie_repeater":[],"premium_blob_repeater":[],"pa_cursor_ftext":"Premium Follow Text","pa_badge_text":"New","ai":{"generator":"websitePlanner","baseTemplateId":"undefined","blockId":"undefined","requestIds":{"sessionId":"wp-session-99def954-cf59-4d95-845d-09dfc5c501e4","generateId":"wp-page-testimonials-partners","batchId":"wp-section-testimonial-carousel"}}},"elements":[{"id":"60d0bb85","settings":{"title":"Customer Trust","header_size":"h5","typography_font_size":{"unit":"px","size":18,"sizes":[]},"typography_font_weight":"500","align_mobile":"center","typography_font_size_tablet":{"unit":"px","size":18,"sizes":[]},"typography_font_size_mobile":{"unit":"px","size":16,"sizes":[]},"typography_text_transform":"none","typography_font_style":"normal","typography_text_decoration":"none","typography_line_height":{"unit":"custom","size":"140%","sizes":[]},"typography_line_height_tablet":{"unit":"px","size":"","sizes":[]},"typography_line_height_mobile":{"unit":"px","size":"","sizes":[]},"typography_letter_spacing":{"unit":"px","size":0,"sizes":[]},"typography_word_spacing":{"unit":"em","size":"","sizes":[]},"pa_condition_repeater":[],"premium_tooltip_text":"Hi, I'm a global tooltip.","premium_tooltip_position":"top,bottom","pa_cursor_ftext":"Premium Follow Text","pa_badge_text":"New","premium_mscroll_repeater":[],"__globals__":{"typography_typography":"globals\/typography?id=heading-s","title_color":"globals\/colors?id=background"},"ai":{"generator":"websitePlanner","baseTemplateId":"undefined","blockId":"undefined","requestIds":{"sessionId":"wp-session-99def954-cf59-4d95-845d-09dfc5c501e4","generateId":"wp-page-testimonials-partners","batchId":"wp-section-testimonial-carousel"}}},"elements":[],"isInner":false,"widgetType":"heading","elType":"widget"},{"id":"f57d805","settings":{"title":"What Our Clients Say About Us","typography_font_size":{"unit":"px","size":48,"sizes":[]},"typography_font_weight":"600","align_mobile":"center","typography_font_size_tablet":{"unit":"px","size":40,"sizes":[]},"typography_font_size_mobile":{"unit":"px","size":32,"sizes":[]},"typography_line_height_tablet":{"unit":"custom","size":"","sizes":[]},"typography_line_height":{"unit":"custom","size":"120%","sizes":[]},"typography_line_height_mobile":{"unit":"custom","size":"120%","sizes":[]},"typography_font_style":"normal","typography_text_decoration":"none","pa_condition_repeater":[],"premium_tooltip_text":"Hi, I'm a global tooltip.","premium_tooltip_position":"top,bottom","pa_cursor_ftext":"Premium Follow Text","pa_badge_text":"New","premium_mscroll_repeater":[],"__globals__":{"typography_typography":"globals\/typography?id=heading-l","title_color":"globals\/colors?id=background"},"ai":{"generator":"websitePlanner","baseTemplateId":"undefined","blockId":"undefined","requestIds":{"sessionId":"wp-session-99def954-cf59-4d95-845d-09dfc5c501e4","generateId":"wp-page-testimonials-partners","batchId":"wp-section-testimonial-carousel"}}},"elements":[],"isInner":false,"widgetType":"heading","elType":"widget"}],"isInner":true,"elType":"container"},{"id":"7b209b5d","settings":{"_column_size":50,"width":{"size":null,"unit":"%"},"padding_mobile":{"unit":"px","top":"0","right":"0","bottom":"0","left":"0","isLinked":false},"flex_justify_content_mobile":"center","flex_gap":{"size":24,"unit":"px","column":"24","row":"24","isLinked":true},"flex_gap_tablet":{"size":16,"unit":"px","column":"16","row":"16","isLinked":true},"padding_tablet":{"unit":"px","top":"0","right":"0","bottom":"0","left":"0","isLinked":false},"content_width":"full","flex_gap_mobile":{"unit":"px","size":16,"sizes":[],"column":"16","row":"16","isLinked":true},"padding":{"unit":"px","top":"0","right":"0","bottom":"0","left":"0","isLinked":false},"flex_align_items":"center","pa_condition_repeater":[],"premium_tooltip_text":"Hi, I'm a global tooltip.","premium_tooltip_position":"top,bottom","premium_parallax_layers_list":[],"premium_gradient_colors_repeater":[],"premium_kenburns_repeater":[],"premium_lottie_repeater":[],"premium_blob_repeater":[],"pa_cursor_ftext":"Premium Follow Text","pa_badge_text":"New","ai":{"generator":"websitePlanner","baseTemplateId":"undefined","blockId":"undefined","requestIds":{"sessionId":"wp-session-99def954-cf59-4d95-845d-09dfc5c501e4","generateId":"wp-page-testimonials-partners","batchId":"wp-section-testimonial-carousel"}}},"elements":[{"id":"1ddc3c97","settings":{"image":{"id":"138328","url":false},"width":{"unit":"%","size":100,"sizes":[]},"_element_width":"initial","_element_custom_width":{"unit":"px","size":200,"sizes":[]},"_element_custom_width_mobile":{"unit":"px","size":150,"sizes":[]},"pa_condition_repeater":[],"premium_tooltip_text":"Hi, I'm a global tooltip.","premium_tooltip_position":"top,bottom","pa_cursor_ftext":"Premium Follow Text","pa_badge_text":"New","premium_mscroll_repeater":[],"ai":{"generator":"websitePlanner","baseTemplateId":"undefined","blockId":"undefined","requestIds":{"sessionId":"wp-session-99def954-cf59-4d95-845d-09dfc5c501e4","generateId":"wp-page-testimonials-partners","batchId":"wp-section-testimonial-carousel"}}},"elements":[],"isInner":false,"widgetType":"image","elType":"widget"},{"id":"4c17822a","settings":{"star_style":"\u2b50\u2b50\u2b50\u2b50\u2b50","align":"center","icon_size":{"unit":"px","size":30,"sizes":[]},"icon_size_mobile":{"unit":"px","size":24,"sizes":[]},"icon_space":{"unit":"px","size":8,"sizes":[]},"__globals__":{"stars_color":"globals\/colors?id=background"},"pa_condition_repeater":[],"premium_tooltip_text":"Hi, I'm a global tooltip.","premium_tooltip_position":"top,bottom","pa_cursor_ftext":"Premium Follow Text","pa_badge_text":"New","premium_mscroll_repeater":[],"ai":{"generator":"websitePlanner","baseTemplateId":"undefined","blockId":"undefined","requestIds":{"sessionId":"wp-session-99def954-cf59-4d95-845d-09dfc5c501e4","generateId":"wp-page-testimonials-partners","batchId":"wp-section-testimonial-carousel"}}},"elements":[],"isInner":false,"widgetType":"star-rating","elType":"widget"},{"id":"6e227be5","settings":{"testimonial_content":"BatteryPlusBGR exceeded my expectations. Their products are reliable, and the service was top-notch\u2014definitely a company I trust!","testimonial_image":{"url":"","id":""},"testimonial_name":"John Smith","testimonial_job":"Product Manager","content_typography_font_size":{"unit":"px","size":16,"sizes":[]},"content_typography_font_size_tablet":{"unit":"px","size":14,"sizes":[]},"content_typography_font_weight":"400","content_typography_text_transform":"none","content_typography_font_style":"normal","content_typography_text_decoration":"none","content_typography_line_height":{"unit":"em","size":1.5,"sizes":[]},"content_typography_letter_spacing":{"unit":"px","size":0,"sizes":[]},"content_typography_word_spacing":{"unit":"em","size":"","sizes":[]},"image_border_width":{"unit":"px","size":"","sizes":[]},"image_border_width_tablet":{"unit":"px","size":"","sizes":[]},"image_border_width_mobile":{"unit":"px","size":"","sizes":[]},"image_border_color":"#000","image_border_radius":{"unit":"px","size":"","sizes":[]},"name_typography_font_size":{"unit":"px","size":24,"sizes":[]},"name_typography_font_weight":"600","name_typography_text_transform":"none","name_typography_font_style":"normal","name_typography_text_decoration":"none","name_typography_line_height":{"unit":"custom","size":"140%","sizes":[]},"name_typography_letter_spacing":{"unit":"px","size":0,"sizes":[]},"job_typography_font_size":{"unit":"px","size":18,"sizes":[]},"job_typography_font_weight":"500","job_typography_text_transform":"none","job_typography_font_style":"normal","job_typography_text_decoration":"none","job_typography_line_height":{"unit":"custom","size":"140%","sizes":[]},"job_typography_letter_spacing":{"unit":"px","size":0,"sizes":[]},"job_typography_word_spacing":{"unit":"em","size":"","sizes":[]},"_element_custom_width_mobile":{"unit":"%","size":100,"sizes":[]},"name_typography_font_size_tablet":{"unit":"px","size":22,"sizes":[]},"name_typography_font_size_mobile":{"unit":"px","size":18,"sizes":[]},"name_typography_line_height_tablet":{"unit":"px","size":"","sizes":[]},"name_typography_line_height_mobile":{"unit":"px","size":"","sizes":[]},"job_typography_font_size_tablet":{"unit":"px","size":18,"sizes":[]},"job_typography_font_size_mobile":{"unit":"px","size":16,"sizes":[]},"job_typography_line_height_tablet":{"unit":"px","size":"","sizes":[]},"job_typography_line_height_mobile":{"unit":"px","size":"","sizes":[]},"__globals__":{"content_content_color":"globals\/colors?id=background","content_typography_typography":"globals\/typography?id=text","name_text_color":"globals\/colors?id=background","name_typography_typography":"globals\/typography?id=primary","job_text_color":"globals\/colors?id=background","job_typography_typography":"globals\/typography?id=heading-s"},"pa_condition_repeater":[],"premium_tooltip_text":"Hi, I'm a global tooltip.","premium_tooltip_position":"top,bottom","pa_cursor_ftext":"Premium Follow Text","pa_badge_text":"New","premium_mscroll_repeater":[],"ai":{"generator":"websitePlanner","baseTemplateId":"undefined","blockId":"undefined","requestIds":{"sessionId":"wp-session-99def954-cf59-4d95-845d-09dfc5c501e4","generateId":"wp-page-testimonials-partners","batchId":"wp-section-testimonial-carousel"}}},"elements":[],"isInner":false,"widgetType":"testimonial","elType":"widget"}],"isInner":true,"elType":"container"}],"isInner":false,"elType":"container"},{"id":"52be6e47","settings":{"flex_direction":"column","boxed_width":{"unit":"px","size":1280,"sizes":[]},"flex_gap":{"unit":"px","size":24,"sizes":[],"column":"24","row":"24","isLinked":true},"flex_gap_mobile":{"unit":"px","size":16,"sizes":[],"column":"16","row":"16","isLinked":true},"padding":{"unit":"px","top":"112","right":"24","bottom":"112","left":"24","isLinked":false},"padding_tablet":{"unit":"px","top":"80","right":"24","bottom":"80","left":"24","isLinked":false},"padding_mobile":{"unit":"px","top":"64","right":"16","bottom":"64","left":"16","isLinked":false},"ai":{"generator":"websitePlanner","baseTemplateId":"undefined","blockId":"undefined","requestIds":{"sessionId":"wp-session-99def954-cf59-4d95-845d-09dfc5c501e4","generateId":"wp-page-testimonials-partners","batchId":"wp-section-partners-gallery"}},"_title":"Partner Logos Gallery"},"elements":[{"id":"74d1e89a","settings":{"title":"Our Trusted Partners","align":"center","typography_font_size":{"unit":"px","size":48},"typography_font_weight":"600","typography_line_height":{"unit":"custom","size":"1.2","sizes":[]},"typography_font_size_mobile":{"unit":"px","size":32},"align_mobile":"center","typography_font_size_tablet":{"unit":"px","size":40},"typography_line_height_tablet":{"unit":"custom","size":" "},"typography_line_height_mobile":{"unit":"custom","size":"","sizes":[]},"ai":{"generator":"websitePlanner","baseTemplateId":"undefined","blockId":"undefined","requestIds":{"sessionId":"wp-session-99def954-cf59-4d95-845d-09dfc5c501e4","generateId":"wp-page-testimonials-partners","batchId":"wp-section-partners-gallery"}},"__globals__":{"title_color":"globals\/colors?id=primary","typography_typography":"globals\/typography?id=heading-l"}},"elements":[],"isInner":false,"widgetType":"heading","elType":"widget"},{"id":"13cf3a44","settings":{"title":"Explore our network of reliable partners, showcasing our commitment to excellence in every collaboration.","header_size":"h5","align":"center","typography_font_size":{"unit":"px","size":18},"typography_font_weight":"400","typography_font_size_mobile":{"unit":"px","size":16,"sizes":[]},"typography_line_height_mobile":{"unit":"custom","size":"","sizes":[]},"align_mobile":"center","typography_line_height":{"unit":"custom","size":"1.5"},"typography_line_height_tablet":{"unit":"custom","size":"1.5","sizes":[]},"_padding":{"unit":"px","top":"0","right":"0","bottom":"0","left":"0","isLinked":false},"_padding_tablet":{"unit":"px","top":"0","right":"0","bottom":"0","left":"0","isLinked":false},"_padding_mobile":{"unit":"px","top":"0","right":"0","bottom":"0","left":"0","isLinked":false},"_margin":{"unit":"px","top":"0","right":"0","bottom":"80","left":"0","isLinked":false},"_margin_tablet":{"unit":"px","top":"0","right":"0","bottom":"40","left":"0","isLinked":false},"_margin_mobile":{"unit":"px","top":"0","right":"0","bottom":"32","left":"0","isLinked":false},"_title":"Heading","ai":{"generator":"websitePlanner","baseTemplateId":"undefined","blockId":"undefined","requestIds":{"sessionId":"wp-session-99def954-cf59-4d95-845d-09dfc5c501e4","generateId":"wp-page-testimonials-partners","batchId":"wp-section-partners-gallery"}},"__globals__":{"title_color":"globals\/colors?id=text","typography_typography":"globals\/typography?id=heading-s"}},"elements":[],"isInner":false,"widgetType":"heading","elType":"widget"},{"id":"67dc211c","settings":{"container_type":"grid","grid_columns_grid":{"unit":"fr","size":2,"sizes":[]},"grid_rows_grid":{"unit":"fr","size":1,"sizes":[]},"grid_gaps":{"unit":"px","top":"","right":"","bottom":"","left":"","isLinked":false,"column":"32","row":"32"},"grid_gaps_tablet":{"unit":"px","top":"","right":"","bottom":"","left":"","isLinked":true,"column":"24","row":"24"},"grid_gaps_mobile":{"unit":"px","top":"","right":"","bottom":"","left":"","isLinked":false,"column":"0","row":"16"},"padding":{"unit":"px","top":"0","right":"0","bottom":"0","left":"0","isLinked":false},"ai":{"generator":"websitePlanner","baseTemplateId":"undefined","blockId":"undefined","requestIds":{"sessionId":"wp-session-99def954-cf59-4d95-845d-09dfc5c501e4","generateId":"wp-page-testimonials-partners","batchId":"wp-section-partners-gallery"}}},"elements":[{"id":"763ed0bf","settings":{"image":{"id":"476941","url":false},"image_size":"full","ai":{"generator":"websitePlanner","baseTemplateId":"undefined","blockId":"undefined","requestIds":{"sessionId":"wp-session-99def954-cf59-4d95-845d-09dfc5c501e4","generateId":"wp-page-testimonials-partners","batchId":"wp-section-partners-gallery"}}},"elements":[],"isInner":false,"widgetType":"image","elType":"widget"},{"id":"3a4e4daf","settings":{"image":{"id":"476941","url":false},"image_size":"full","ai":{"generator":"websitePlanner","baseTemplateId":"undefined","blockId":"undefined","requestIds":{"sessionId":"wp-session-99def954-cf59-4d95-845d-09dfc5c501e4","generateId":"wp-page-testimonials-partners","batchId":"wp-section-partners-gallery"}}},"elements":[],"isInner":false,"widgetType":"image","elType":"widget"}],"isInner":false,"elType":"container"}],"isInner":false,"elType":"container"},{"id":"1843cca","settings":{"flex_gap":{"size":48,"unit":"px","column":"48","row":"48","isLinked":true},"flex_align_items":"center","content_position":"middle","padding":{"unit":"px","top":"100","right":"24","bottom":"100","left":"24","isLinked":false},"padding_tablet":{"unit":"px","top":"80","right":"16","bottom":"80","left":"16","isLinked":false},"padding_mobile":{"unit":"px","top":"48","right":"16","bottom":"48","left":"16","isLinked":false},"reverse_order_tablet":"reverse-tablet","reverse_order_mobile":"reverse-mobile","_title":"Partnership Opportunities","flex_direction":"column","boxed_width":{"unit":"px","size":1280,"sizes":[]},"min_height_tablet":{"unit":"px","size":0,"sizes":[]},"flex_align_items_tablet":"flex-start","flex_gap_tablet":{"unit":"px","size":0,"sizes":[],"row":"0","column":"0","isLinked":true},"flex_gap_mobile":{"unit":"px","size":24,"sizes":[],"row":"24","column":"24","isLinked":true},"pa_condition_repeater":[],"premium_tooltip_text":"Hi, I'm a global tooltip.","premium_tooltip_position":"top,bottom","premium_parallax_layers_list":[],"premium_gradient_colors_repeater":[],"premium_kenburns_repeater":[],"premium_lottie_repeater":[],"premium_blob_repeater":[],"pa_cursor_ftext":"Premium Follow Text","pa_badge_text":"New","ai":{"generator":"websitePlanner","baseTemplateId":"undefined","blockId":"undefined","requestIds":{"sessionId":"wp-session-99def954-cf59-4d95-845d-09dfc5c501e4","generateId":"wp-page-testimonials-partners","batchId":"wp-section-cta-section"}}},"elements":[{"id":"438672f0","settings":{"_column_size":100,"width":{"size":null,"unit":"%"},"width_tablet":{"size":100,"unit":"%"},"background_background":"classic","border_border":"solid","border_width":{"unit":"px","top":"1","right":"1","bottom":"1","left":"1","isLinked":true},"__globals__":{"background_color":"globals\/colors?id=backgroundAccent","border_color":"globals\/colors?id=secondary"},"border_width_tablet":{"unit":"px","top":"2","right":"2","bottom":"2","left":"1","isLinked":false},"padding_tablet":{"unit":"px","top":"","right":"","bottom":"","left":"","isLinked":false},"padding_mobile":{"unit":"px","top":"24","right":"24","bottom":"24","left":"24","isLinked":true},"align":"center","padding":{"unit":"px","top":"48","right":"48","bottom":"48","left":"48","isLinked":true},"content_width":"full","min_height":{"unit":"px","size":600,"sizes":[]},"min_height_tablet":{"unit":"px","size":545,"sizes":[]},"flex_direction":"row","flex_justify_content":"center","flex_align_items":"center","flex_wrap":"wrap","flex_align_content":"center","pa_condition_repeater":[],"premium_tooltip_text":"Hi, I'm a global tooltip.","premium_tooltip_position":"top,bottom","premium_parallax_layers_list":[],"premium_gradient_colors_repeater":[],"premium_kenburns_repeater":[],"premium_lottie_repeater":[],"premium_blob_repeater":[],"pa_cursor_ftext":"Premium Follow Text","pa_badge_text":"New","border_width_mobile":{"unit":"px","top":"1","right":"1","bottom":"1","left":"1","isLinked":true},"ai":{"generator":"websitePlanner","baseTemplateId":"undefined","blockId":"undefined","requestIds":{"sessionId":"wp-session-99def954-cf59-4d95-845d-09dfc5c501e4","generateId":"wp-page-testimonials-partners","batchId":"wp-section-cta-section"}}},"elements":[{"id":"27fd5b12","settings":{"width":{"unit":"%","size":90,"sizes":[]},"width_mobile":{"unit":"%","size":88,"sizes":[]},"align":"center","text":"---","weight":{"unit":"px","size":2,"sizes":[]},"gap":{"unit":"px","size":0,"sizes":[]},"_position":"absolute","_offset_y":{"unit":"px","size":-2,"sizes":[]},"_offset_y_tablet":{"unit":"%","size":"","sizes":[]},"_offset_y_mobile":{"unit":"%","size":"","sizes":[]},"_z_index":5,"__globals__":[],"color":"#000000","text_color":"#000000","typography_typography":"custom","typography_font_family":"DM Sans","typography_font_size":{"unit":"px","size":35,"sizes":[]},"typography_font_size_mobile":{"unit":"px","size":18,"sizes":[]},"typography_font_weight":"500","typography_text_transform":"capitalize","typography_font_style":"normal","typography_text_decoration":"none","typography_line_height":{"unit":"em","size":1.3,"sizes":[]},"typography_letter_spacing":{"unit":"px","size":0,"sizes":[]},"typography_word_spacing":{"unit":"px","size":0,"sizes":[]},"primary_color":"#000000","pa_condition_repeater":[],"premium_tooltip_text":"Hi, I'm a global tooltip.","premium_tooltip_position":"top,bottom","pa_cursor_ftext":"Premium Follow Text","pa_badge_text":"New","premium_mscroll_repeater":[],"ai":{"generator":"websitePlanner","baseTemplateId":"undefined","blockId":"undefined","requestIds":{"sessionId":"wp-session-99def954-cf59-4d95-845d-09dfc5c501e4","generateId":"wp-page-testimonials-partners","batchId":"wp-section-cta-section"}}},"elements":[],"isInner":false,"widgetType":"divider","elType":"widget"},{"id":"28822c25","settings":{"width":{"unit":"%","size":90,"sizes":[]},"width_mobile":{"unit":"%","size":88,"sizes":[]},"align":"center","text":"---","weight":{"unit":"px","size":2,"sizes":[]},"gap":{"unit":"px","size":0,"sizes":[]},"_position":"absolute","_offset_orientation_v":"end","_offset_y":{"unit":"px","size":-2,"sizes":[]},"_offset_y_tablet":{"unit":"%","size":"","sizes":[]},"_offset_y_mobile":{"unit":"%","size":"","sizes":[]},"_offset_y_end":{"unit":"px","size":-2,"sizes":[]},"_z_index":5,"__globals__":[],"color":"#000000","text_color":"#000000","typography_typography":"custom","typography_font_family":"DM Sans","typography_font_size":{"unit":"px","size":35,"sizes":[]},"typography_font_size_mobile":{"unit":"px","size":18,"sizes":[]},"typography_font_weight":"500","typography_text_transform":"capitalize","typography_font_style":"normal","typography_text_decoration":"none","typography_line_height":{"unit":"em","size":1.3,"sizes":[]},"typography_letter_spacing":{"unit":"px","size":0,"sizes":[]},"typography_word_spacing":{"unit":"px","size":0,"sizes":[]},"primary_color":"#000000","pa_condition_repeater":[],"premium_tooltip_text":"Hi, I'm a global tooltip.","premium_tooltip_position":"top,bottom","pa_cursor_ftext":"Premium Follow Text","pa_badge_text":"New","premium_mscroll_repeater":[],"ai":{"generator":"websitePlanner","baseTemplateId":"undefined","blockId":"undefined","requestIds":{"sessionId":"wp-session-99def954-cf59-4d95-845d-09dfc5c501e4","generateId":"wp-page-testimonials-partners","batchId":"wp-section-cta-section"}}},"elements":[],"isInner":false,"widgetType":"divider","elType":"widget"},{"id":"1cbe9d9c","settings":{"title":"Partner with Us for Success","align":"center","_padding_tablet":{"unit":"%","top":"0","right":"0","bottom":"0","left":"0","isLinked":true},"_padding_mobile":{"unit":"%","top":"","right":"","bottom":"","left":"","isLinked":true},"_element_width":"auto","animation_duration":"swift","_animation_delay":600,"__globals__":{"title_color":"globals\/colors?id=primary","typography_typography":"globals\/typography?id=heading-l"},"_margin_mobile":{"unit":"px","top":"0","right":"15","bottom":"0","left":"-8","isLinked":false},"_element_width_tablet":"inherit","typography_font_size":{"unit":"px","size":48,"sizes":[]},"typography_font_size_tablet":{"unit":"px","size":40,"sizes":[]},"typography_font_size_mobile":{"unit":"px","size":32,"sizes":[]},"typography_font_weight":"600","typography_font_style":"normal","typography_text_decoration":"none","typography_line_height":{"unit":"custom","size":"120%","sizes":[]},"typography_line_height_tablet":{"unit":"custom","size":"","sizes":[]},"typography_line_height_mobile":{"unit":"custom","size":"120%","sizes":[]},"typography_word_spacing":{"unit":"em","size":"","sizes":[]},"pa_condition_repeater":[],"premium_tooltip_text":"Hi, I'm a global tooltip.","premium_tooltip_position":"top,bottom","pa_cursor_ftext":"Premium Follow Text","pa_badge_text":"New","premium_mscroll_repeater":[],"ai":{"generator":"websitePlanner","baseTemplateId":"undefined","blockId":"undefined","requestIds":{"sessionId":"wp-session-99def954-cf59-4d95-845d-09dfc5c501e4","generateId":"wp-page-testimonials-partners","batchId":"wp-section-cta-section"}}},"elements":[],"isInner":false,"widgetType":"heading","elType":"widget"},{"id":"4ba61188","settings":{"editor":"<p>Join us in a rewarding partnership that fosters growth and opportunity. By collaborating with us, you can expand your reach and enhance your services. Together, we can achieve greater results and make a meaningful impact in our industry.<\/p>","align":"center","_margin_tablet":{"unit":"%","top":"4","right":"0","bottom":"6","left":"0","isLinked":false},"_margin_mobile":{"unit":"px","top":"25","right":"0","bottom":"35","left":"0","isLinked":false},"_padding":{"unit":"px","top":"","right":"","bottom":"","left":"","isLinked":false},"_padding_tablet":{"unit":"%","top":"0","right":"20","bottom":"0","left":"20","isLinked":false},"_padding_mobile":{"unit":"%","top":"0","right":"0","bottom":"0","left":"0","isLinked":false},"align_mobile":"center","_element_width":"inherit","typography_font_size":{"unit":"px","size":16,"sizes":[]},"typography_font_size_tablet":{"unit":"px","size":15,"sizes":[]},"typography_font_size_mobile":{"unit":"px","size":14,"sizes":[]},"typography_font_weight":"300","typography_text_transform":"none","typography_font_style":"normal","typography_text_decoration":"none","typography_line_height":{"unit":"px","size":24,"sizes":[]},"typography_letter_spacing":{"unit":"px","size":0,"sizes":[]},"typography_word_spacing":{"unit":"px","size":0,"sizes":[]},"drop_cap_primary_color":"#000000","__globals__":{"text_color":"globals\/colors?id=text","typography_typography":"globals\/typography?id=text"},"pa_condition_repeater":[],"premium_tooltip_text":"Hi, I'm a global tooltip.","premium_tooltip_position":"top,bottom","pa_cursor_ftext":"Premium Follow Text","pa_badge_text":"New","premium_mscroll_repeater":[],"ai":{"generator":"websitePlanner","baseTemplateId":"undefined","blockId":"undefined","requestIds":{"sessionId":"wp-session-99def954-cf59-4d95-845d-09dfc5c501e4","generateId":"wp-page-testimonials-partners","batchId":"wp-section-cta-section"}}},"elements":[],"isInner":false,"widgetType":"text-editor","elType":"widget"},{"id":"d668c97","settings":{"flex_direction":"row","flex_direction_mobile":"row","flex_justify_content_mobile":"center","flex_gap":{"unit":"px","size":8,"sizes":[],"column":"8","row":"8","isLinked":true},"flex_gap_tablet":{"unit":"px","size":8,"sizes":[],"column":"8","row":"8","isLinked":true},"flex_gap_mobile":{"unit":"px","size":8,"sizes":[],"column":"8","row":"8","isLinked":true},"padding":{"unit":"px","top":"0","right":"0","bottom":"0","left":"0","isLinked":false},"flex_justify_content":"center","pa_condition_repeater":[],"premium_tooltip_text":"Hi, I'm a global tooltip.","premium_tooltip_position":"top,bottom","premium_parallax_layers_list":[],"premium_gradient_colors_repeater":[],"premium_kenburns_repeater":[],"premium_lottie_repeater":[],"premium_blob_repeater":[],"pa_cursor_ftext":"Premium Follow Text","pa_badge_text":"New","ai":{"generator":"websitePlanner","baseTemplateId":"undefined","blockId":"undefined","requestIds":{"sessionId":"wp-session-99def954-cf59-4d95-845d-09dfc5c501e4","generateId":"wp-page-testimonials-partners","batchId":"wp-section-cta-section"}}},"elements":[{"id":"77cc4443","settings":{"text":"Get Started","_element_width":"auto","border_border":"solid","border_width":{"unit":"px","top":"1","right":"1","bottom":"1","left":"1","isLinked":"1"},"border_radius":{"unit":"px","top":"","right":"","bottom":"","left":"","isLinked":"1"},"text_padding":{"unit":"px","top":"12","right":"24","bottom":"12","left":"24","isLinked":""},"__globals__":{"button_text_color":"globals\/colors?id=primary","hover_color":"","button_background_hover_color":"","button_hover_border_color":"","border_color":"globals\/colors?id=primary","background_color":"globals\/colors?id=transparent","typography_typography":"globals\/typography?id=text"},"text_padding_mobile":{"unit":"px","top":"12","right":"24","bottom":"12","left":"24","isLinked":""},"typography_font_size":{"unit":"px","size":16,"sizes":[]},"typography_font_weight":"400","typography_text_transform":"capitalize","typography_font_style":"normal","typography_text_decoration":"none","typography_line_height":{"unit":"custom","size":"150%","sizes":[]},"typography_font_size_mobile":{"unit":"px","size":15,"sizes":[]},"_element_custom_width":{"unit":"%","size":15,"sizes":[]},"icon_indent":{"unit":"px","size":0,"sizes":[]},"typography_font_size_tablet":{"unit":"px","size":14,"sizes":[]},"typography_line_height_tablet":{"unit":"px","size":"","sizes":[]},"typography_line_height_mobile":{"unit":"px","size":"","sizes":[]},"button_background_hover_background":"","_flex_align_self":"flex-start","pa_condition_repeater":[],"premium_tooltip_text":"Hi, I'm a global tooltip.","premium_tooltip_position":"top,bottom","pa_cursor_ftext":"Premium Follow Text","pa_badge_text":"New","premium_mscroll_repeater":[],"ai":{"generator":"websitePlanner","baseTemplateId":"undefined","blockId":"undefined","requestIds":{"sessionId":"wp-session-99def954-cf59-4d95-845d-09dfc5c501e4","generateId":"wp-page-testimonials-partners","batchId":"wp-section-cta-section"}}},"elements":[],"isInner":false,"widgetType":"button","elType":"widget"},{"id":"5c027db0","settings":{"text":"Learn More","_element_width":"auto","border_width":{"unit":"px","top":"1","right":"1","bottom":"1","left":"1","isLinked":"1"},"text_padding":{"unit":"px","top":"12","right":"24","bottom":"12","left":"24","isLinked":""},"__globals__":{"button_text_color":"globals\/colors?id=primary","hover_color":"","button_background_hover_color":"","button_hover_border_color":"","border_color":"globals\/colors?id=primary","background_color":"globals\/colors?id=transparent","typography_typography":"globals\/typography?id=text"},"text_padding_mobile":{"unit":"px","top":"12","right":"24","bottom":"12","left":"24","isLinked":""},"_margin_mobile":{"unit":"px","top":"0","right":"0","bottom":"0","left":"15","isLinked":""},"typography_font_size":{"unit":"px","size":16,"sizes":[]},"typography_font_weight":"400","typography_text_transform":"capitalize","typography_font_style":"normal","typography_text_decoration":"none","typography_line_height":{"unit":"custom","size":"150%","sizes":[]},"typography_font_size_mobile":{"unit":"px","size":15,"sizes":[]},"_margin_tablet":{"unit":"px","top":"0","right":"0","bottom":"0","left":"15","isLinked":false},"_element_custom_width":{"unit":"%","size":15,"sizes":[]},"icon_indent":{"unit":"px","size":14,"sizes":[]},"typography_font_size_tablet":{"unit":"custom","size":"","sizes":[]},"typography_line_height_tablet":{"unit":"px","size":"","sizes":[]},"typography_line_height_mobile":{"unit":"px","size":"","sizes":[]},"icon_align":"right","button_background_hover_background":"","pa_condition_repeater":[],"premium_tooltip_text":"Hi, I'm a global tooltip.","premium_tooltip_position":"top,bottom","pa_cursor_ftext":"Premium Follow Text","pa_badge_text":"New","premium_mscroll_repeater":[],"ai":{"generator":"websitePlanner","baseTemplateId":"undefined","blockId":"undefined","requestIds":{"sessionId":"wp-session-99def954-cf59-4d95-845d-09dfc5c501e4","generateId":"wp-page-testimonials-partners","batchId":"wp-section-cta-section"}}},"elements":[],"isInner":false,"widgetType":"button","elType":"widget"}],"isInner":true,"elType":"container"}],"isInner":true,"elType":"container"}],"isInner":false,"elType":"container"},{"id":"3a94e7ee","settings":{"flex_gap":{"size":64,"unit":"px","column":"64","row":"64","isLinked":true},"custom_height":{"unit":"px","size":""},"content_position":"middle","padding":{"unit":"px","top":"100","right":"24","bottom":"100","left":"24","isLinked":false},"background_background":"classic","padding_tablet":{"unit":"px","top":"80","right":"16","bottom":"80","left":"16","isLinked":false},"padding_mobile":{"unit":"px","top":"48","right":"16","bottom":"48","left":"16","isLinked":false},"boxed_width":{"unit":"px","size":1280,"sizes":[]},"flex_direction":"column","flex_align_items":"flex-start","flex_gap_tablet":{"unit":"px","size":32,"sizes":[],"column":"32","row":"32","isLinked":true},"flex_gap_mobile":{"unit":"px","size":32,"sizes":[],"column":"32","row":"32","isLinked":true},"flex_justify_content":"space-between","margin":{"unit":"px","top":"0","right":"0","bottom":"0","left":"0","isLinked":false},"pa_condition_repeater":[],"premium_tooltip_text":"Hi, I'm a global tooltip.","premium_tooltip_position":"top,bottom","premium_parallax_layers_list":[],"premium_gradient_colors_repeater":[],"premium_kenburns_repeater":[],"premium_lottie_repeater":[],"premium_blob_repeater":[],"pa_cursor_ftext":"Premium Follow Text","pa_badge_text":"New","ai":{"generator":"websitePlanner","baseTemplateId":"undefined","blockId":"undefined","requestIds":{"sessionId":"wp-session-99def954-cf59-4d95-845d-09dfc5c501e4","generateId":"wp-page-testimonials-partners","batchId":"wp-section-faq-section"}},"_title":"FAQs & Contact"},"elements":[{"id":"26d684e3","settings":{"_column_size":100,"width":{"size":50,"unit":"%"},"padding_tablet":{"unit":"px","top":"0","right":"0","bottom":"0","left":"0","isLinked":true},"align":"center","flex_gap":{"size":24,"unit":"px","column":"24","row":"24","isLinked":true},"flex_gap_mobile":{"size":16,"unit":"px","column":"16","row":"16","isLinked":true},"flex_direction":"column","flex_justify_content":"flex-start","flex_align_items":"flex-start","flex_align_items_mobile":"flex-start","flex_gap_tablet":{"unit":"px","size":16,"sizes":[],"column":"16","row":"16","isLinked":true},"boxed_width":{"unit":"px","size":1280,"sizes":[]},"pa_condition_repeater":[],"premium_tooltip_text":"Hi, I'm a global tooltip.","premium_tooltip_position":"top,bottom","premium_parallax_layers_list":[],"premium_gradient_colors_repeater":[],"premium_kenburns_repeater":[],"premium_lottie_repeater":[],"premium_blob_repeater":[],"pa_cursor_ftext":"Premium Follow Text","pa_badge_text":"New","ai":{"generator":"websitePlanner","baseTemplateId":"undefined","blockId":"undefined","requestIds":{"sessionId":"wp-session-99def954-cf59-4d95-845d-09dfc5c501e4","generateId":"wp-page-testimonials-partners","batchId":"wp-section-faq-section"}}},"elements":[{"id":"49b41bca","settings":{"title":"Frequently Asked Questions","typography_font_size":{"unit":"px","size":48,"sizes":[]},"typography_font_weight":"600","typography_line_height":{"unit":"custom","size":"120%","sizes":[]},"typography_font_size_mobile":{"unit":"px","size":32,"sizes":[]},"typography_font_size_tablet":{"unit":"px","size":40,"sizes":[]},"typography_line_height_tablet":{"unit":"custom","size":"","sizes":[]},"typography_line_height_mobile":{"unit":"custom","size":"120%","sizes":[]},"typography_font_style":"normal","typography_text_decoration":"none","pa_condition_repeater":[],"premium_tooltip_text":"Hi, I'm a global tooltip.","premium_tooltip_position":"top,bottom","pa_cursor_ftext":"Premium Follow Text","pa_badge_text":"New","premium_mscroll_repeater":[],"__globals__":{"typography_typography":"globals\/typography?id=heading-l","title_color":"globals\/colors?id=primary"},"ai":{"generator":"websitePlanner","baseTemplateId":"undefined","blockId":"undefined","requestIds":{"sessionId":"wp-session-99def954-cf59-4d95-845d-09dfc5c501e4","generateId":"wp-page-testimonials-partners","batchId":"wp-section-faq-section"}}},"elements":[],"isInner":false,"widgetType":"heading","elType":"widget"},{"id":"64f59d48","settings":{"title":"Find answers to your questions about partnerships and testimonials.","header_size":"h5","typography_font_size":{"unit":"px","size":18,"sizes":[]},"typography_font_weight":"500","_margin":{"unit":"px","top":"0","right":"0","bottom":"0","left":"0","isLinked":false},"typography_font_size_mobile":{"unit":"px","size":16,"sizes":[]},"typography_line_height_mobile":{"unit":"px","size":"","sizes":[]},"_margin_tablet":{"unit":"px","top":"0","right":"0","bottom":"0","left":"0","isLinked":false},"_margin_mobile":{"unit":"px","top":"0","right":"0","bottom":"0","left":"0","isLinked":false},"typography_line_height":{"unit":"custom","size":"140%","sizes":[]},"typography_line_height_tablet":{"unit":"px","size":"","sizes":[]},"_padding":{"unit":"px","top":"0","right":"0","bottom":"0","left":"0","isLinked":false},"_padding_tablet":{"unit":"px","top":"0","right":"0","bottom":"0","left":"0","isLinked":false},"_padding_mobile":{"unit":"px","top":"0","right":"0","bottom":"0","left":"0","isLinked":false},"typography_font_size_tablet":{"unit":"px","size":18,"sizes":[]},"typography_text_transform":"none","typography_font_style":"normal","typography_text_decoration":"none","typography_letter_spacing":{"unit":"px","size":0,"sizes":[]},"typography_word_spacing":{"unit":"em","size":"","sizes":[]},"pa_condition_repeater":[],"premium_tooltip_text":"Hi, I'm a global tooltip.","premium_tooltip_position":"top,bottom","pa_cursor_ftext":"Premium Follow Text","pa_badge_text":"New","premium_mscroll_repeater":[],"__globals__":{"typography_typography":"globals\/typography?id=heading-s","title_color":"globals\/colors?id=text"},"ai":{"generator":"websitePlanner","baseTemplateId":"undefined","blockId":"undefined","requestIds":{"sessionId":"wp-session-99def954-cf59-4d95-845d-09dfc5c501e4","generateId":"wp-page-testimonials-partners","batchId":"wp-section-faq-section"}}},"elements":[],"isInner":false,"widgetType":"heading","elType":"widget"}],"isInner":true,"elType":"container"},{"id":"53c0b512","settings":{"flex_direction":"row","boxed_width":{"unit":"px","size":1280,"sizes":[]},"flex_align_items":"center","flex_gap":{"column":"48","row":"48","isLinked":true,"unit":"px","size":48},"pa_condition_repeater":[],"premium_tooltip_text":"Hi, I'm a global tooltip.","premium_tooltip_position":"top,bottom","premium_parallax_layers_list":[],"premium_gradient_colors_repeater":[],"premium_kenburns_repeater":[],"premium_lottie_repeater":[],"premium_blob_repeater":[],"pa_cursor_ftext":"Premium Follow Text","pa_badge_text":"New","ai":{"generator":"websitePlanner","baseTemplateId":"undefined","blockId":"undefined","requestIds":{"sessionId":"wp-session-99def954-cf59-4d95-845d-09dfc5c501e4","generateId":"wp-page-testimonials-partners","batchId":"wp-section-faq-section"}}},"elements":[{"id":"234e39ce","settings":{"content_width":"full","width":{"unit":"%","size":50,"sizes":[]},"boxed_width":{"unit":"%","size":"","sizes":[]},"boxed_width_tablet":{"unit":"%","size":"","sizes":[]},"boxed_width_mobile":{"unit":"%","size":"","sizes":[]},"padding":{"unit":"px","top":"0","right":"0","bottom":"0","left":"0","isLinked":true},"pa_condition_repeater":[],"premium_tooltip_text":"Hi, I'm a global tooltip.","premium_tooltip_position":"top,bottom","premium_parallax_layers_list":[],"premium_gradient_colors_repeater":[],"premium_kenburns_repeater":[],"premium_lottie_repeater":[],"premium_blob_repeater":[],"pa_cursor_ftext":"Premium Follow Text","pa_badge_text":"New","ai":{"generator":"websitePlanner","baseTemplateId":"undefined","blockId":"undefined","requestIds":{"sessionId":"wp-session-99def954-cf59-4d95-845d-09dfc5c501e4","generateId":"wp-page-testimonials-partners","batchId":"wp-section-faq-section"}}},"elements":[{"id":"2352fd60","settings":{"youtube_url":"https:\/\/www.youtube.com\/watch?v=XHOmBV4js_E","vimeo_url":"https:\/\/vimeo.com\/235215203","dailymotion_url":"https:\/\/www.dailymotion.com\/video\/x6tqhqb","insert_url":"yes","poster":{"id":567607,"url":"https:\/\/qdpenjjp.elementor.cloud\/wp-content\/uploads\/2025\/06\/placeholder.png"},"image_overlay":{"id":567611,"url":"https:\/\/qdpenjjp.elementor.cloud\/wp-content\/uploads\/2025\/06\/Group-592.png"},"aspect_ratio":"11","play_icon_size":{"unit":"px","size":100,"sizes":[]},"show_play_icon":"","videopress_url":"https:\/\/videopress.com\/v\/ZCAOzTNk","pa_condition_repeater":[],"premium_tooltip_text":"Hi, I'm a global tooltip.","premium_tooltip_position":"top,bottom","pa_cursor_ftext":"Premium Follow Text","pa_badge_text":"New","premium_mscroll_repeater":[],"ai":{"generator":"websitePlanner","baseTemplateId":"undefined","blockId":"undefined","requestIds":{"sessionId":"wp-session-99def954-cf59-4d95-845d-09dfc5c501e4","generateId":"wp-page-testimonials-partners","batchId":"wp-section-faq-section"}}},"elements":[],"isInner":false,"widgetType":"video","elType":"widget"}],"isInner":true,"elType":"container"},{"id":"463ce508","settings":{"_column_size":100,"width":{"size":50,"unit":"%"},"padding_tablet":{"unit":"px","top":"0","right":"0","bottom":"0","left":"0","isLinked":true},"align":"center","flex_gap":{"size":24,"unit":"px","column":"24","row":"24","isLinked":true},"flex_gap_mobile":{"size":16,"unit":"px","column":"16","row":"16","isLinked":true},"content_width":"full","flex_direction":"column","flex_justify_content":"flex-start","flex_align_items":"flex-start","flex_align_items_mobile":"flex-start","flex_gap_tablet":{"unit":"px","size":16,"sizes":[],"column":"16","row":"16","isLinked":true},"margin":{"unit":"px","top":"0","right":"0","bottom":"0","left":"0","isLinked":false},"padding":{"unit":"px","top":"0","right":"0","bottom":"0","left":"0","isLinked":false},"pa_condition_repeater":[],"premium_tooltip_text":"Hi, I'm a global tooltip.","premium_tooltip_position":"top,bottom","premium_parallax_layers_list":[],"premium_gradient_colors_repeater":[],"premium_kenburns_repeater":[],"premium_lottie_repeater":[],"premium_blob_repeater":[],"pa_cursor_ftext":"Premium Follow Text","pa_badge_text":"New","ai":{"generator":"websitePlanner","baseTemplateId":"undefined","blockId":"undefined","requestIds":{"sessionId":"wp-session-99def954-cf59-4d95-845d-09dfc5c501e4","generateId":"wp-page-testimonials-partners","batchId":"wp-section-faq-section"}}},"elements":[{"id":"7e750e30","settings":{"tabs":[{"tab_title":"What are the partnership benefits?","tab_content":"<p>Partnering with us offers numerous benefits, including increased visibility, access to a wider audience, and collaborative promotional opportunities. We strive to support our partners through effective marketing strategies and resources.<\/p>","_id":"9ee9b18"},{"tab_title":"How can I leave a testimonial?","tab_content":"<p>You can leave a testimonial by visiting our contact page or using the form provided below. We appreciate your feedback and are committed to improving our services based on your experience.<\/p>","_id":"b2a69b6"},{"tab_title":"What services do you offer?","tab_content":"<p>We offer a range of services tailored to meet diverse needs, including product sourcing, customer support, and specialized consultation for partners. Our goal is to facilitate seamless transactions and enhance client satisfaction.<\/p>","_id":"5fedc62"},{"tab_title":"What is your customer support policy?","tab_content":"<p>We prioritize customer satisfaction and offer comprehensive support across all our services. Our team is available to assist with inquiries, address issues, and provide updates in a timely manner.<\/p>","_id":"a1bcb69"},{"tab_title":"How do I become a partner?","tab_content":"<p>To become a partner, please reach out through our contact form. We will review your inquiry and discuss potential collaboration opportunities that align with our mutual goals.<\/p>","_id":"d42d999"}],"border_width":{"unit":"px","size":1},"space_between":{"unit":"px","size":16},"box_shadow_box_shadow_type":"yes","box_shadow_box_shadow":{"horizontal":0,"vertical":0,"blur":0,"spread":0,"color":"rgba(1.9999999999999567, 0.9999999999999784, 0.9999999999999784, 0)"},"title_padding":{"unit":"px","top":"32","right":"24","bottom":"32","left":"0","isLinked":false},"icon_align":"right","content_padding":{"unit":"px","top":"0","right":"36","bottom":"16","left":"0","isLinked":false},"title_typography_font_size":{"unit":"px","size":18,"sizes":[]},"title_typography_font_weight":"500","title_typography_text_transform":"none","content_typography_font_size":{"unit":"px","size":16,"sizes":[]},"content_typography_font_weight":"400","content_typography_line_height":{"unit":"em","size":1.5,"sizes":[]},"_border_width":{"unit":"px","top":"1","right":"0","bottom":"0","left":"0","isLinked":false},"content_background_color":"rgba(25,25,25,0)","_padding_mobile":{"unit":"px","top":"0","right":"0","bottom":"0","left":"0","isLinked":false},"space_between_mobile":{"unit":"px","size":0,"sizes":[]},"title_typography_font_size_mobile":{"unit":"px","size":16,"sizes":[]},"title_padding_mobile":{"unit":"px","top":"24","right":"0","bottom":"24","left":"0","isLinked":false},"content_padding_mobile":{"unit":"px","top":"0","right":"0","bottom":"10","left":"0","isLinked":false},"_border_border":"solid","title_typography_font_size_tablet":{"unit":"px","size":18,"sizes":[]},"title_typography_font_style":"normal","title_typography_text_decoration":"none","title_typography_line_height":{"unit":"custom","size":"140%","sizes":[]},"title_typography_line_height_tablet":{"unit":"px","size":"","sizes":[]},"title_typography_line_height_mobile":{"unit":"px","size":"","sizes":[]},"title_typography_letter_spacing":{"unit":"px","size":0,"sizes":[]},"title_typography_word_spacing":{"unit":"em","size":"","sizes":[]},"content_typography_font_size_tablet":{"unit":"px","size":14,"sizes":[]},"content_typography_text_transform":"none","content_typography_font_style":"normal","content_typography_text_decoration":"none","content_typography_letter_spacing":{"unit":"px","size":0,"sizes":[]},"pa_condition_repeater":[],"premium_tooltip_text":"Hi, I'm a global tooltip.","premium_tooltip_position":"top,bottom","pa_cursor_ftext":"Premium Follow Text","pa_badge_text":"New","premium_mscroll_repeater":[],"__globals__":{"content_typography_typography":"globals\/typography?id=text","title_typography_typography":"globals\/typography?id=heading-s","title_color":"globals\/colors?id=primary","border_color":"globals\/colors?id=primary","title_background":"globals\/colors?id=transparent","icon_color":"globals\/colors?id=primary","icon_active_color":"globals\/colors?id=text","content_color":"globals\/colors?id=text","_background_color":"globals\/colors?id=background","tab_active_color":"globals\/colors?id=primary","_border_color":"globals\/colors?id=primary"},"ai":{"generator":"websitePlanner","baseTemplateId":"undefined","blockId":"undefined","requestIds":{"sessionId":"wp-session-99def954-cf59-4d95-845d-09dfc5c501e4","generateId":"wp-page-testimonials-partners","batchId":"wp-section-faq-section"}}},"elements":[],"isInner":false,"widgetType":"toggle","elType":"widget"}],"isInner":true,"elType":"container"}],"isInner":true,"elType":"container"}],"isInner":false,"elType":"container"},{"id":"133ac684","settings":{"layout":"full_width","flex_gap":{"size":80,"unit":"px","column":"80","row":"80","isLinked":true},"padding":{"unit":"px","top":"0100","right":"24","bottom":"100","left":"24","isLinked":false},"content_position":"middle","background_background":"classic","__globals__":{"background_color":"globals\/colors?id=backgroundAccent","background_overlay_color":"globals\/colors?id=primary"},"padding_tablet":{"unit":"px","top":"80","right":"24","bottom":"80","left":"24","isLinked":false},"padding_mobile":{"unit":"px","top":"48","right":"16","bottom":"48","left":"16","isLinked":false},"_title":"Building Trust","flex_direction":"column","flex_align_items":"center","flex_gap_mobile":{"unit":"px","size":48,"sizes":[],"row":"48","column":"48","isLinked":true},"boxed_width":{"unit":"px","size":1280,"sizes":[]},"min_height":{"unit":"px","size":""},"min_height_tablet":{"unit":"px","size":""},"min_height_mobile":{"unit":"px","size":0},"flex_direction_tablet":"column","flex_direction_mobile":"column","flex_justify_content":"center","flex_justify_content_tablet":"space-between","flex_justify_content_mobile":"center","flex_align_items_mobile":"center","flex_gap_tablet":{"unit":"px","size":48,"sizes":[],"column":"48","row":"48","isLinked":true},"background_position":"center center","background_size":"cover","ai":{"generator":"websitePlanner","baseTemplateId":"undefined","blockId":"undefined","requestIds":{"sessionId":"wp-session-99def954-cf59-4d95-845d-09dfc5c501e4","generateId":"wp-page-testimonials-partners","batchId":"wp-section-trust-badges"}}},"elements":[{"id":"27f4b538","settings":{"title":"Trusted Certifications","align":"center","__globals__":{"typography_typography":"globals\/typography?id=heading-l","title_color":"globals\/colors?id=primary"},"typography_font_size":{"unit":"px","size":48,"sizes":[]},"typography_font_size_tablet":{"unit":"px","size":40,"sizes":[]},"typography_font_size_mobile":{"unit":"px","size":32,"sizes":[]},"typography_font_weight":"600","typography_line_height":{"unit":"custom","size":"120%","sizes":[]},"typography_line_height_tablet":{"unit":"custom","size":"","sizes":[]},"typography_line_height_mobile":{"unit":"custom","size":"120%","sizes":[]},"typography_font_style":"normal","typography_text_decoration":"none","ai":{"generator":"websitePlanner","baseTemplateId":"undefined","blockId":"undefined","requestIds":{"sessionId":"wp-session-99def954-cf59-4d95-845d-09dfc5c501e4","generateId":"wp-page-testimonials-partners","batchId":"wp-section-trust-badges"}}},"elements":[],"isInner":false,"widgetType":"heading","elType":"widget"},{"id":"4fd057a5","settings":{"layout":"full_width","flex_gap":{"size":48,"unit":"px","row":"48","column":"48","isLinked":true},"structure":"40","padding_tablet":{"unit":"px","top":"","right":"","bottom":"","left":"","isLinked":""},"flex_direction":"row","content_width":"full","width_tablet":{"unit":"%","size":"","sizes":[]},"width_mobile":{"unit":"%","size":"","sizes":[]},"flex_justify_content":"space-between","flex_gap_tablet":{"unit":"px","size":90,"sizes":[],"column":"90","row":"90","isLinked":true},"flex_gap_mobile":{"unit":"px","size":70,"sizes":[],"column":"70","row":"70","isLinked":true},"flex_wrap_tablet":"wrap","flex_justify_content_mobile":"center","padding_mobile":{"unit":"%","top":"0","right":"0","bottom":"0","left":"0","isLinked":false},"flex_wrap_mobile":"wrap","ai":{"generator":"websitePlanner","baseTemplateId":"undefined","blockId":"undefined","requestIds":{"sessionId":"wp-session-99def954-cf59-4d95-845d-09dfc5c501e4","generateId":"wp-page-testimonials-partners","batchId":"wp-section-trust-badges"}}},"elements":[{"id":"59770af","settings":{"title_text":"Certified Quality Standards","description_text":"","title_size":"h4","text_align":"center","__globals__":{"primary_color":"globals\/colors?id=accent","secondary_color":"globals\/colors?id=accent","title_typography_typography":"globals\/typography?id=primary","description_typography_typography":"globals\/typography?id=text","title_color":"globals\/colors?id=primary","description_color":"globals\/colors?id=text"},"hover_animation":"shrink","icon_space":{"unit":"px","size":"20","sizes":[]},"icon_size":{"unit":"px","size":100,"sizes":[]},"icon_padding":{"unit":"px","size":"20","sizes":[]},"border_radius":{"unit":"px","top":"12","right":"12","bottom":"12","left":"12","isLinked":"1"},"title_bottom_space":{"unit":"px","size":"10","sizes":[]},"_element_custom_width":{"unit":"%","size":25,"sizes":[]},"_element_width":"initial","_element_custom_width_tablet":{"unit":"%","size":40,"sizes":[]},"_element_custom_width_mobile":{"unit":"%","size":35,"sizes":[]},"title_typography_font_size":{"unit":"px","size":24,"sizes":[]},"title_typography_font_size_mobile":{"unit":"px","size":18,"sizes":[]},"title_typography_font_weight":"600","title_typography_text_transform":"none","title_typography_font_style":"normal","title_typography_text_decoration":"none","title_typography_line_height":{"unit":"custom","size":"140%","sizes":[]},"title_typography_letter_spacing":{"unit":"px","size":0,"sizes":[]},"description_typography_font_size":{"unit":"px","size":16,"sizes":[]},"description_typography_font_size_tablet":{"unit":"px","size":14,"sizes":[]},"description_typography_font_weight":"400","description_typography_text_transform":"none","description_typography_font_style":"normal","description_typography_text_decoration":"none","description_typography_line_height":{"unit":"em","size":1.5,"sizes":[]},"description_typography_letter_spacing":{"unit":"px","size":0,"sizes":[]},"title_typography_font_size_tablet":{"unit":"px","size":22,"sizes":[]},"title_typography_line_height_tablet":{"unit":"px","size":"","sizes":[]},"title_typography_line_height_mobile":{"unit":"px","size":"","sizes":[]},"description_typography_word_spacing":{"unit":"em","size":"","sizes":[]},"selected_icon":{"value":"fas fa-shield-alt","library":"fa-solid"},"ai":{"generator":"websitePlanner","baseTemplateId":"undefined","blockId":"undefined","requestIds":{"sessionId":"wp-session-99def954-cf59-4d95-845d-09dfc5c501e4","generateId":"wp-page-testimonials-partners","batchId":"wp-section-trust-badges"}}},"elements":[],"isInner":false,"widgetType":"icon-box","elType":"widget"},{"id":"b07724d","settings":{"title_text":"Customer Satisfaction Guaranteed","description_text":"","title_size":"h4","text_align":"center","__globals__":{"primary_color":"globals\/colors?id=accent","secondary_color":"globals\/colors?id=accent","title_typography_typography":"globals\/typography?id=primary","description_typography_typography":"globals\/typography?id=text","title_color":"globals\/colors?id=primary","description_color":"globals\/colors?id=text"},"hover_animation":"shrink","icon_space":{"unit":"px","size":"20","sizes":[]},"icon_size":{"unit":"px","size":100,"sizes":[]},"icon_padding":{"unit":"px","size":"20","sizes":[]},"border_radius":{"unit":"px","top":"12","right":"12","bottom":"12","left":"12","isLinked":"1"},"title_bottom_space":{"unit":"px","size":"10","sizes":[]},"_element_custom_width":{"unit":"%","size":25,"sizes":[]},"_element_width":"initial","_element_custom_width_tablet":{"unit":"%","size":40,"sizes":[]},"_element_custom_width_mobile":{"unit":"%","size":35,"sizes":[]},"title_typography_font_size":{"unit":"px","size":24,"sizes":[]},"title_typography_font_size_mobile":{"unit":"px","size":18,"sizes":[]},"title_typography_font_weight":"600","title_typography_text_transform":"none","title_typography_font_style":"normal","title_typography_text_decoration":"none","title_typography_line_height":{"unit":"custom","size":"140%","sizes":[]},"title_typography_letter_spacing":{"unit":"px","size":0,"sizes":[]},"description_typography_font_size":{"unit":"px","size":16,"sizes":[]},"description_typography_font_size_tablet":{"unit":"px","size":14,"sizes":[]},"description_typography_font_weight":"400","description_typography_text_transform":"none","description_typography_font_style":"normal","description_typography_text_decoration":"none","description_typography_line_height":{"unit":"em","size":1.5,"sizes":[]},"description_typography_letter_spacing":{"unit":"px","size":0,"sizes":[]},"title_typography_font_size_tablet":{"unit":"px","size":22,"sizes":[]},"title_typography_line_height_tablet":{"unit":"px","size":"","sizes":[]},"title_typography_line_height_mobile":{"unit":"px","size":"","sizes":[]},"description_typography_word_spacing":{"unit":"em","size":"","sizes":[]},"selected_icon":{"value":"fas fa-shield-alt","library":"fa-solid"},"ai":{"generator":"websitePlanner","baseTemplateId":"undefined","blockId":"undefined","requestIds":{"sessionId":"wp-session-99def954-cf59-4d95-845d-09dfc5c501e4","generateId":"wp-page-testimonials-partners","batchId":"wp-section-trust-badges"}}},"elements":[],"isInner":false,"widgetType":"icon-box","elType":"widget"},{"id":"356faad2","settings":{"title_text":"Secure Payment Process","description_text":"","title_size":"h4","text_align":"center","__globals__":{"primary_color":"globals\/colors?id=accent","secondary_color":"globals\/colors?id=accent","title_typography_typography":"globals\/typography?id=primary","description_typography_typography":"globals\/typography?id=text","title_color":"globals\/colors?id=primary","description_color":"globals\/colors?id=text"},"hover_animation":"shrink","icon_space":{"unit":"px","size":"20","sizes":[]},"icon_size":{"unit":"px","size":100,"sizes":[]},"icon_padding":{"unit":"px","size":"20","sizes":[]},"border_radius":{"unit":"px","top":"12","right":"12","bottom":"12","left":"12","isLinked":"1"},"title_bottom_space":{"unit":"px","size":"10","sizes":[]},"_element_custom_width":{"unit":"%","size":25,"sizes":[]},"_element_width":"initial","_element_custom_width_tablet":{"unit":"%","size":40,"sizes":[]},"_element_custom_width_mobile":{"unit":"%","size":35,"sizes":[]},"title_typography_font_size":{"unit":"px","size":24,"sizes":[]},"title_typography_font_size_mobile":{"unit":"px","size":18,"sizes":[]},"title_typography_font_weight":"600","title_typography_text_transform":"none","title_typography_font_style":"normal","title_typography_text_decoration":"none","title_typography_line_height":{"unit":"custom","size":"140%","sizes":[]},"title_typography_letter_spacing":{"unit":"px","size":0,"sizes":[]},"description_typography_font_size":{"unit":"px","size":16,"sizes":[]},"description_typography_font_size_tablet":{"unit":"px","size":14,"sizes":[]},"description_typography_font_weight":"400","description_typography_text_transform":"none","description_typography_font_style":"normal","description_typography_text_decoration":"none","description_typography_line_height":{"unit":"em","size":1.5,"sizes":[]},"description_typography_letter_spacing":{"unit":"px","size":0,"sizes":[]},"title_typography_font_size_tablet":{"unit":"px","size":22,"sizes":[]},"title_typography_line_height_tablet":{"unit":"px","size":"","sizes":[]},"title_typography_line_height_mobile":{"unit":"px","size":"","sizes":[]},"description_typography_word_spacing":{"unit":"em","size":"","sizes":[]},"selected_icon":{"value":"fas fa-shield-alt","library":"fa-solid"},"ai":{"generator":"websitePlanner","baseTemplateId":"undefined","blockId":"undefined","requestIds":{"sessionId":"wp-session-99def954-cf59-4d95-845d-09dfc5c501e4","generateId":"wp-page-testimonials-partners","batchId":"wp-section-trust-badges"}}},"elements":[],"isInner":false,"widgetType":"icon-box","elType":"widget"},{"id":"46abec98","settings":{"title_text":"Eco-Friendly Practices","description_text":"","title_size":"h4","text_align":"center","__globals__":{"primary_color":"globals\/colors?id=accent","secondary_color":"globals\/colors?id=accent","title_typography_typography":"globals\/typography?id=primary","description_typography_typography":"globals\/typography?id=text","title_color":"globals\/colors?id=primary","description_color":"globals\/colors?id=text"},"hover_animation":"shrink","icon_space":{"unit":"px","size":"20","sizes":[]},"icon_size":{"unit":"px","size":100,"sizes":[]},"icon_padding":{"unit":"px","size":"20","sizes":[]},"border_radius":{"unit":"px","top":"12","right":"12","bottom":"12","left":"12","isLinked":"1"},"title_bottom_space":{"unit":"px","size":"10","sizes":[]},"_element_custom_width":{"unit":"%","size":25,"sizes":[]},"_element_width":"initial","_element_custom_width_tablet":{"unit":"%","size":40,"sizes":[]},"_element_custom_width_mobile":{"unit":"%","size":35,"sizes":[]},"title_typography_font_size":{"unit":"px","size":24,"sizes":[]},"title_typography_font_size_mobile":{"unit":"px","size":18,"sizes":[]},"title_typography_font_weight":"600","title_typography_text_transform":"none","title_typography_font_style":"normal","title_typography_text_decoration":"none","title_typography_line_height":{"unit":"custom","size":"140%","sizes":[]},"title_typography_letter_spacing":{"unit":"px","size":0,"sizes":[]},"description_typography_font_size":{"unit":"px","size":16,"sizes":[]},"description_typography_font_size_tablet":{"unit":"px","size":14,"sizes":[]},"description_typography_font_weight":"400","description_typography_text_transform":"none","description_typography_font_style":"normal","description_typography_text_decoration":"none","description_typography_line_height":{"unit":"em","size":1.5,"sizes":[]},"description_typography_letter_spacing":{"unit":"px","size":0,"sizes":[]},"title_typography_font_size_tablet":{"unit":"px","size":22,"sizes":[]},"title_typography_line_height_tablet":{"unit":"px","size":"","sizes":[]},"title_typography_line_height_mobile":{"unit":"px","size":"","sizes":[]},"description_typography_word_spacing":{"unit":"em","size":"","sizes":[]},"selected_icon":{"value":"fas fa-shield-alt","library":"fa-solid"},"ai":{"generator":"websitePlanner","baseTemplateId":"undefined","blockId":"undefined","requestIds":{"sessionId":"wp-session-99def954-cf59-4d95-845d-09dfc5c501e4","generateId":"wp-page-testimonials-partners","batchId":"wp-section-trust-badges"}}},"elements":[],"isInner":false,"widgetType":"icon-box","elType":"widget"}],"isInner":true,"elType":"container"}],"isInner":false,"elType":"container"}],"settings":{"template":"default"},"metadata":[]}