{"content":[{"id":"695e825e","settings":{"content_position":"middle","background_color":"#F4F4F4","margin":{"unit":"px","top":"","right":0,"bottom":"","left":0,"isLinked":true},"padding":{"unit":"px","top":"0","right":"24","bottom":"0","left":"24","isLinked":false},"padding_tablet":{"unit":"px","top":"48","right":"24","bottom":"48","left":"24","isLinked":false},"padding_mobile":{"unit":"px","top":"48","right":"16","bottom":"48","left":"16","isLinked":false},"html_tag":"footer","boxed_width":{"unit":"px","size":1280,"sizes":[]},"flex_direction":"column","flex_align_items":"center","flex_gap":{"size":10,"unit":"px","column":"10","row":"10","isLinked":true},"flex_justify_content":"space-between","ai":{"generator":"websitePlanner","baseTemplateId":"undefined","blockId":"undefined","requestIds":{"sessionId":"wp-session-99def954-cf59-4d95-845d-09dfc5c501e4","generateId":"wp-page-footer","batchId":"wp-section-footer"}},"_title":"Website Footer"},"elements":[{"id":"59cf39ac","settings":{"content_position":"middle","border_border":"solid","border_width":{"unit":"px","top":"0","right":"0","bottom":"1","left":"0","isLinked":false},"margin":{"unit":"px","top":"0","right":"0","bottom":"0","left":"0","isLinked":false},"padding":{"unit":"px","top":"48","right":"0","bottom":"48","left":"0","isLinked":false},"padding_tablet":{"unit":"px","top":"0","right":"0","bottom":"20","left":"0","isLinked":false},"padding_mobile":{"unit":"px","top":"0","right":"0","bottom":"24","left":"0","isLinked":false},"flex_direction":"column","flex_align_items":"center","flex_gap":{"size":24,"unit":"px","column":"24","row":"24","isLinked":true},"content_width":"full","flex_justify_content":"space-between","flex_align_items_mobile":"center","flex_gap_tablet":{"unit":"px","size":16,"sizes":[],"column":"16","row":"16","isLinked":true},"flex_gap_mobile":{"unit":"px","size":16,"sizes":[],"column":"16","row":"16","isLinked":true},"__globals__":{"border_color":"globals\/colors?id=secondary"},"ai":{"generator":"websitePlanner","baseTemplateId":"undefined","blockId":"undefined","requestIds":{"sessionId":"wp-session-99def954-cf59-4d95-845d-09dfc5c501e4","generateId":"wp-page-footer","batchId":"wp-section-footer"}}},"elements":[{"id":"317eb565","settings":{"content_width":"full","__dynamic__":{"image":"[elementor-tag id=\"\" name=\"site-logo\" settings=\"%7B%7D\"]"},"width":{"unit":"px","size":80,"sizes":[]},"width_tablet":{"unit":"px","size":80,"sizes":[]},"width_mobile":{"unit":"px","size":"","sizes":[]},"_flex_align_self":"center","_flex_align_self_mobile":"flex-start","ai":{"generator":"websitePlanner","baseTemplateId":"undefined","blockId":"undefined","requestIds":{"sessionId":"wp-session-99def954-cf59-4d95-845d-09dfc5c501e4","generateId":"wp-page-footer","batchId":"wp-section-footer"}}},"elements":[],"isInner":false,"widgetType":"theme-site-logo","elType":"widget"},{"id":"766e0e75","settings":{"align_items":"center","animation_line":"fade-in","animation_text":"none","pointer_color_menu_item_hover":"#00ce1b","menu_typography_font_size":{"unit":"px","size":16},"pointer_width":{"unit":"px","size":1},"dropdown_typography_typography":"custom","dropdown_typography_font_size":{"unit":"px","size":15},"toggle_color_hover":"#00ce1b","toggle_size":{"unit":"px","size":30},"toggle_border_width":{"unit":"px","size":0},"toggle_border_radius":{"unit":"px","size":0},"pointer":"pointer","dropdown":"none","menu_typography_font_size_tablet":{"unit":"px","size":14},"menu_typography_font_weight":"500","padding_horizontal_menu_item":{"unit":"px","size":0},"menu_space_between":{"unit":"px","size":31},"toggle_align":"left","full_width":"stretch","text_align":"center","dropdown_top_distance_mobile":{"unit":"px","size":40},"toggle_background_color":"rgba(0,0,0,0)","menu_typography_font_size_mobile":{"unit":"px","size":14,"sizes":[]},"menu_space_between_mobile":{"unit":"px","size":25,"sizes":[]},"_element_width_mobile":"inherit","padding_vertical_menu_item_mobile":{"unit":"px","size":8,"sizes":[]},"menu_space_between_tablet":{"unit":"px","size":20,"sizes":[]},"_padding_mobile":{"unit":"px","top":"0","right":"0","bottom":"0","left":"0","isLinked":false},"menu_id":9,"__globals__":{"color_dropdown_item_hover":"globals\/colors?id=accent","background_color_dropdown_item_hover":"globals\/colors?id=backgroundAccent","background_color_dropdown_item":"globals\/colors?id=backgroundAccent","color_menu_item_hover":"globals\/colors?id=primary","color_dropdown_item":"globals\/colors?id=primary","toggle_color":"globals\/colors?id=primary","color_menu_item":"globals\/colors?id=primary","menu_typography_typography":"globals\/typography?id=text"},"menu_name":"Links","ai":{"generator":"websitePlanner","baseTemplateId":"undefined","blockId":"undefined","requestIds":{"sessionId":"wp-session-99def954-cf59-4d95-845d-09dfc5c501e4","generateId":"wp-page-footer","batchId":"wp-section-footer"}}},"elements":[],"isInner":false,"widgetType":"nav-menu","elType":"widget"}],"isInner":true,"elType":"container"},{"id":"5f603fb2","settings":{"content_position":"middle","flex_direction":"row","flex_align_items":"center","flex_gap":{"size":0,"unit":"px","column":"0","row":"0","isLinked":true},"content_width":"full","flex_justify_content":"space-between","flex_align_items_tablet":"flex-end","flex_gap_mobile":{"unit":"px","size":8,"sizes":[],"column":"8","row":"8","isLinked":true},"padding":{"unit":"px","top":"32","right":"0","bottom":"32","left":"0","isLinked":false},"padding_tablet":{"unit":"px","top":"24","right":"0","bottom":"0","left":"0","isLinked":false},"flex_justify_content_mobile":"center","flex_align_items_mobile":"flex-end","ai":{"generator":"websitePlanner","baseTemplateId":"undefined","blockId":"undefined","requestIds":{"sessionId":"wp-session-99def954-cf59-4d95-845d-09dfc5c501e4","generateId":"wp-page-footer","batchId":"wp-section-footer"}}},"elements":[{"id":"1c609dd2","settings":{"title":"\u00a9 2023 BatteryPlusBGR. All rights reserved.","typography_typography":"custom","typography_font_size":{"unit":"px","size":14},"typography_font_weight":"400","align_mobile":"center","header_size":"p","typography_font_family":"Figtree","typography_font_size_tablet":{"unit":"px","size":12,"sizes":[]},"typography_font_size_mobile":{"unit":"px","size":12,"sizes":[]},"_element_width":"auto","ai":{"generator":"websitePlanner","baseTemplateId":"undefined","blockId":"undefined","requestIds":{"sessionId":"wp-session-99def954-cf59-4d95-845d-09dfc5c501e4","generateId":"wp-page-footer","batchId":"wp-section-footer"}},"__globals__":{"title_color":"globals\/colors?id=text"}},"elements":[],"isInner":false,"widgetType":"heading","elType":"widget"},{"id":"224ee920","settings":{"view":"inline","icon_list":[{"text":"Data Protection Policy","selected_icon":{"value":"","library":""},"_id":"1abe7f0","link":{"url":"#","is_external":"","nofollow":"","custom_attributes":""}},{"text":"Service Agreement Terms","selected_icon":{"value":"","library":""},"_id":"f5e8520","link":{"url":"#","is_external":"","nofollow":"","custom_attributes":""}},{"text":"Cookie Preferences","selected_icon":{"value":"","library":""},"_id":"63c8a91","link":{"url":"#","is_external":"","nofollow":"","custom_attributes":""}}],"space_between":{"unit":"px","size":20,"sizes":[]},"icon_align_mobile":"center","icon_typography_typography":"custom","icon_typography_font_family":"Figtree","icon_typography_font_size":{"unit":"px","size":14,"sizes":[]},"icon_typography_font_size_tablet":{"unit":"px","size":14,"sizes":[]},"icon_typography_font_weight":"400","icon_typography_text_decoration":"none","_element_width":"auto","_element_custom_width":{"unit":"%","size":50,"sizes":[]},"_element_custom_width_mobile":{"unit":"%","size":100,"sizes":[]},"space_between_tablet":{"unit":"px","size":15,"sizes":[]},"_padding":{"unit":"px","top":"0","right":"0","bottom":"0","left":"0","isLinked":false},"_padding_mobile":{"unit":"px","top":"10","right":"0","bottom":"0","left":"0","isLinked":false},"icon_typography_text_transform":"none","icon_typography_font_style":"normal","icon_typography_line_height":{"unit":"em","size":1.5,"sizes":[]},"icon_typography_letter_spacing":{"unit":"px","size":0,"sizes":[]},"icon_typography_word_spacing":{"unit":"em","size":"","sizes":[]},"__globals__":{"icon_color":"globals\/colors?id=primary","icon_typography_typography":"","text_color":"globals\/colors?id=text"},"ai":{"generator":"websitePlanner","baseTemplateId":"undefined","blockId":"undefined","requestIds":{"sessionId":"wp-session-99def954-cf59-4d95-845d-09dfc5c501e4","generateId":"wp-page-footer","batchId":"wp-section-footer"}}},"elements":[],"isInner":false,"widgetType":"icon-list","elType":"widget"}],"isInner":true,"elType":"container"}],"isInner":false,"elType":"container"}],"settings":[],"metadata":[]}