{"content":[{"id":"1d7298c2","settings":{"boxed_width":{"unit":"px","size":1280,"sizes":[]},"min_height":{"unit":"px","size":550},"min_height_tablet":{"unit":"px","size":450},"min_height_mobile":{"unit":"px","size":0},"flex_direction":"row","flex_direction_tablet":"row","flex_direction_mobile":"column","flex_justify_content":"center","flex_align_items":"center","flex_gap":{"size":80,"unit":"px","column":"80","row":"80","isLinked":true},"flex_gap_tablet":{"unit":"px","size":32,"sizes":[],"column":"32","row":"32","isLinked":true},"background_background":"classic","padding":{"unit":"px","top":"0","right":"24","bottom":"0","left":"24","isLinked":false},"padding_tablet":{"unit":"px","top":"0","right":"16","bottom":"0","left":"16","isLinked":false},"padding_mobile":{"unit":"px","top":"48","right":"16","bottom":"48","left":"16","isLinked":false},"background_overlay_background":"classic","background_overlay_opacity":{"unit":"px","size":0.6,"sizes":[]},"flex_justify_content_tablet":"space-between","flex_justify_content_mobile":"center","flex_align_items_mobile":"center","background_image":{"id":"122265","url":false},"background_position":"center center","background_size":"cover","__globals__":{"background_color":"","background_overlay_color":"globals\/colors?id=primary"},"pa_condition_repeater":[],"premium_tooltip_text":"Hi, I'm a global tooltip.","premium_tooltip_position":"top,bottom","premium_parallax_layers_list":[],"premium_gradient_colors_repeater":[],"premium_kenburns_repeater":[],"premium_lottie_repeater":[],"premium_blob_repeater":[],"pa_cursor_ftext":"Premium Follow Text","pa_badge_text":"New","ai":{"generator":"websitePlanner","baseTemplateId":"undefined","blockId":"undefined","requestIds":{"sessionId":"wp-session-99def954-cf59-4d95-845d-09dfc5c501e4","generateId":"wp-page-404","batchId":"wp-section-404"}}},"elements":[{"id":"23f86316","settings":{"content_width":"full","width":{"unit":"%","size":33,"sizes":[]},"width_tablet":{"unit":"%","size":100,"sizes":[]},"width_mobile":{"unit":"%","size":"","sizes":[]},"boxed_width":{"unit":"%","size":33,"sizes":[]},"boxed_width_tablet":{"unit":"%","size":"","sizes":[]},"boxed_width_mobile":{"unit":"%","size":"","sizes":[]},"flex_direction":"column","flex_justify_content":"center","margin_tablet":{"unit":"px","top":"0","right":"0","bottom":"50","left":"0","isLinked":false},"padding":{"unit":"px","top":"0","right":"10","bottom":"0","left":"10","isLinked":false},"flex_gap":{"unit":"px","size":20,"sizes":[],"column":"20","row":"20","isLinked":true},"pa_condition_repeater":[],"premium_tooltip_text":"Hi, I'm a global tooltip.","premium_tooltip_position":"top,bottom","premium_parallax_layers_list":[],"premium_gradient_colors_repeater":[],"premium_kenburns_repeater":[],"premium_lottie_repeater":[],"premium_blob_repeater":[],"pa_cursor_ftext":"Premium Follow Text","pa_badge_text":"New","ai":{"generator":"websitePlanner","baseTemplateId":"undefined","blockId":"undefined","requestIds":{"sessionId":"wp-session-99def954-cf59-4d95-845d-09dfc5c501e4","generateId":"wp-page-404","batchId":"wp-section-404"}}},"elements":[{"id":"7aedfdb4","settings":{"title":"Oops, something went wrong ","align":"center","typography_font_size":{"unit":"px","size":18,"sizes":[]},"typography_font_size_tablet":{"unit":"px","size":18,"sizes":[]},"typography_font_size_mobile":{"unit":"px","size":16,"sizes":[]},"typography_font_weight":"500","typography_text_transform":"none","typography_font_style":"normal","typography_text_decoration":"none","typography_line_height":{"unit":"custom","size":"140%","sizes":[]},"typography_line_height_tablet":{"unit":"px","size":"","sizes":[]},"typography_line_height_mobile":{"unit":"px","size":"","sizes":[]},"typography_letter_spacing":{"unit":"px","size":0,"sizes":[]},"typography_word_spacing":{"unit":"em","size":"","sizes":[]},"animation_duration":"slow","__globals__":{"title_color":"globals\/colors?id=background","typography_typography":"globals\/typography?id=heading-s"},"pa_condition_repeater":[],"premium_tooltip_text":"Hi, I'm a global tooltip.","premium_tooltip_position":"top,bottom","pa_cursor_ftext":"Premium Follow Text","pa_badge_text":"New","premium_mscroll_repeater":[],"ai":{"generator":"websitePlanner","baseTemplateId":"undefined","blockId":"undefined","requestIds":{"sessionId":"wp-session-99def954-cf59-4d95-845d-09dfc5c501e4","generateId":"wp-page-404","batchId":"wp-section-404"}}},"elements":[],"isInner":false,"widgetType":"heading","elType":"widget"},{"id":"3cf92ec1","settings":{"title":"404 Error","align":"center","animation_duration":"slow","header_size":"h1","__globals__":{"title_color":"globals\/colors?id=background","typography_typography":"globals\/typography?id=heading-l"},"typography_font_size":{"unit":"px","size":48,"sizes":[]},"typography_font_size_tablet":{"unit":"px","size":40,"sizes":[]},"typography_font_size_mobile":{"unit":"px","size":32,"sizes":[]},"typography_font_weight":"600","typography_line_height":{"unit":"custom","size":"120%","sizes":[]},"typography_line_height_tablet":{"unit":"custom","size":"","sizes":[]},"typography_line_height_mobile":{"unit":"custom","size":"120%","sizes":[]},"typography_font_style":"normal","typography_text_decoration":"none","pa_condition_repeater":[],"premium_tooltip_text":"Hi, I'm a global tooltip.","premium_tooltip_position":"top,bottom","pa_cursor_ftext":"Premium Follow Text","pa_badge_text":"New","premium_mscroll_repeater":[],"ai":{"generator":"websitePlanner","baseTemplateId":"undefined","blockId":"undefined","requestIds":{"sessionId":"wp-session-99def954-cf59-4d95-845d-09dfc5c501e4","generateId":"wp-page-404","batchId":"wp-section-404"}}},"elements":[],"isInner":false,"widgetType":"heading","elType":"widget"},{"id":"fc0f911","settings":{"title":"Sorry, we couldn't find that page try going back to home page","align":"center","typography_font_size":{"unit":"px","size":18,"sizes":[]},"typography_font_size_tablet":{"unit":"px","size":18,"sizes":[]},"typography_font_size_mobile":{"unit":"px","size":16,"sizes":[]},"typography_font_weight":"500","typography_text_transform":"none","typography_font_style":"normal","typography_text_decoration":"none","typography_line_height":{"unit":"custom","size":"140%","sizes":[]},"typography_line_height_tablet":{"unit":"px","size":"","sizes":[]},"typography_line_height_mobile":{"unit":"px","size":"","sizes":[]},"typography_letter_spacing":{"unit":"px","size":0,"sizes":[]},"typography_word_spacing":{"unit":"em","size":"","sizes":[]},"animation_duration":"slow","_padding":{"unit":"px","top":"","right":"","bottom":"","left":"","isLinked":false},"_padding_tablet":{"unit":"%","top":"0","right":"15","bottom":"0","left":"15","isLinked":false},"_padding_mobile":{"unit":"%","top":"0","right":"0","bottom":"0","left":"0","isLinked":false},"__globals__":{"title_color":"globals\/colors?id=background","typography_typography":"globals\/typography?id=heading-s"},"pa_condition_repeater":[],"premium_tooltip_text":"Hi, I'm a global tooltip.","premium_tooltip_position":"top,bottom","pa_cursor_ftext":"Premium Follow Text","pa_badge_text":"New","premium_mscroll_repeater":[],"ai":{"generator":"websitePlanner","baseTemplateId":"undefined","blockId":"undefined","requestIds":{"sessionId":"wp-session-99def954-cf59-4d95-845d-09dfc5c501e4","generateId":"wp-page-404","batchId":"wp-section-404"}}},"elements":[],"isInner":false,"widgetType":"heading","elType":"widget"},{"id":"3cf6446","settings":{"text":"Button","_element_width":"auto","border_border":"solid","border_width":{"unit":"px","top":"1","right":"1","bottom":"1","left":"1","isLinked":"1"},"border_radius":{"unit":"px","top":"","right":"","bottom":"","left":"","isLinked":"1"},"text_padding":{"unit":"px","top":"12","right":"24","bottom":"12","left":"24","isLinked":""},"__globals__":{"button_text_color":"globals\/colors?id=background","hover_color":"","button_background_hover_color":"","button_hover_border_color":"","border_color":"globals\/colors?id=background","background_color":"globals\/colors?id=transparent","typography_typography":"globals\/typography?id=text"},"text_padding_mobile":{"unit":"px","top":"12","right":"24","bottom":"12","left":"24","isLinked":""},"typography_font_size":{"unit":"px","size":16,"sizes":[]},"typography_font_weight":"400","typography_text_transform":"capitalize","typography_font_style":"normal","typography_text_decoration":"none","typography_line_height":{"unit":"custom","size":"150%","sizes":[]},"typography_font_size_mobile":{"unit":"px","size":15,"sizes":[]},"_element_custom_width":{"unit":"%","size":15,"sizes":[]},"icon_indent":{"unit":"px","size":0,"sizes":[]},"typography_font_size_tablet":{"unit":"px","size":14,"sizes":[]},"typography_line_height_tablet":{"unit":"px","size":"","sizes":[]},"typography_line_height_mobile":{"unit":"px","size":"","sizes":[]},"button_background_hover_background":"","_flex_align_self":"center","pa_condition_repeater":[],"premium_tooltip_text":"Hi, I'm a global tooltip.","premium_tooltip_position":"top,bottom","pa_cursor_ftext":"Premium Follow Text","pa_badge_text":"New","premium_mscroll_repeater":[],"ai":{"generator":"websitePlanner","baseTemplateId":"undefined","blockId":"undefined","requestIds":{"sessionId":"wp-session-99def954-cf59-4d95-845d-09dfc5c501e4","generateId":"wp-page-404","batchId":"wp-section-404"}}},"elements":[],"isInner":false,"widgetType":"button","elType":"widget"}],"isInner":true,"elType":"container"}],"isInner":false,"elType":"container"}],"settings":[],"metadata":[]}