{"content":[{"id":"34f2f29a","settings":{"gap_columns_custom_mobile":{"unit":"px","size":143,"sizes":[]},"custom_height":{"unit":"px","size":200,"sizes":[]},"custom_height_tablet":{"unit":"px","size":250,"sizes":[]},"custom_height_mobile":{"unit":"px","size":180,"sizes":[]},"flex_align_items":"flex-start","structure":"20","padding":{"unit":"px","top":"100","right":"24","bottom":"100","left":"24","isLinked":false},"padding_tablet":{"unit":"px","top":"80","right":"16","bottom":"80","left":"16","isLinked":false},"padding_mobile":{"unit":"px","top":"48","right":"16","bottom":"48","left":"16","isLinked":false},"flex_direction":"column","flex_gap":{"size":80,"unit":"px","column":"80","row":"80","isLinked":true},"boxed_width":{"unit":"px","size":1280,"sizes":[]},"flex_gap_tablet":{"unit":"px","size":0,"sizes":[],"row":"0","column":"0","isLinked":true},"flex_gap_mobile":{"unit":"px","size":24,"sizes":[],"row":"24","column":"24","isLinked":true},"min_height_tablet":{"unit":"px","size":0,"sizes":[]},"flex_align_items_tablet":"flex-start","ai":{"generator":"websitePlanner","baseTemplateId":"undefined","blockId":"undefined","requestIds":{"sessionId":"wp-session-99def954-cf59-4d95-845d-09dfc5c501e4","generateId":"wp-page-singlePost","batchId":"wp-section-singlePost"}}},"elements":[{"id":"1ef96a73","settings":{"_column_size":50,"width":{"size":null,"unit":"%"},"padding_mobile":{"unit":"px","top":"0","right":"0","bottom":"0","left":"0","isLinked":false},"flex_justify_content_mobile":"center","flex_gap":{"size":32,"unit":"px","column":"32","row":"32","isLinked":true},"flex_gap_tablet":{"size":16,"unit":"px","column":"16","row":"16","isLinked":true},"padding_tablet":{"unit":"px","top":"0","right":"0","bottom":"0","left":"0","isLinked":false},"content_width":"full","flex_gap_mobile":{"unit":"px","size":16,"sizes":[],"column":"16","row":"16","isLinked":true},"padding":{"unit":"px","top":"0","right":"0","bottom":"0","left":"0","isLinked":false},"ai":{"generator":"websitePlanner","baseTemplateId":"undefined","blockId":"undefined","requestIds":{"sessionId":"wp-session-99def954-cf59-4d95-845d-09dfc5c501e4","generateId":"wp-page-singlePost","batchId":"wp-section-singlePost"}}},"elements":[{"id":"56e2fc7d","settings":{"content_width":"full","__dynamic__":{"title":"[elementor-tag id=\"\" name=\"post-title\" settings=\"%7B%22before%22%3A%22%22%2C%22after%22%3A%22%22%2C%22fallback%22%3A%22%22%7D\"]"},"title":"Add Your Heading Text Here","typography_font_size":{"unit":"px","size":48,"sizes":[]},"typography_font_size_tablet":{"unit":"px","size":40,"sizes":[]},"typography_font_size_mobile":{"unit":"px","size":32,"sizes":[]},"typography_font_weight":"600","typography_font_style":"normal","typography_text_decoration":"none","typography_line_height":{"unit":"custom","size":"120%","sizes":[]},"typography_line_height_tablet":{"unit":"custom","size":"","sizes":[]},"typography_line_height_mobile":{"unit":"custom","size":"120%","sizes":[]},"__globals__":{"title_color":"globals\/colors?id=primary","typography_typography":"globals\/typography?id=heading-l"},"ai":{"generator":"websitePlanner","baseTemplateId":"undefined","blockId":"undefined","requestIds":{"sessionId":"wp-session-99def954-cf59-4d95-845d-09dfc5c501e4","generateId":"wp-page-singlePost","batchId":"wp-section-singlePost"}}},"elements":[],"isInner":false,"widgetType":"theme-post-title","elType":"widget"},{"id":"2c8950fa","settings":{"content_width":"full","icon_list":[{"type":"author","selected_icon":{"value":"far fa-user-circle","library":"fa-regular"},"_id":"46cc7e6","custom_date_format":"F j, Y","custom_time_format":"g:i a"},{"selected_icon":{"value":"fas fa-calendar","library":"fa-solid"},"_id":"32892a3","custom_date_format":"F j, Y","custom_time_format":"g:i a"},{"type":"time","selected_icon":{"value":"far fa-clock","library":"fa-regular"},"_id":"74aaca0","custom_date_format":"F j, Y","custom_time_format":"g:i a"},{"type":"comments","selected_icon":{"value":"far fa-comment-dots","library":"fa-regular"},"_id":"0e0fac9","custom_date_format":"F j, Y","custom_time_format":"g:i a"}],"__globals__":{"icon_color":"globals\/colors?id=accent"},"ai":{"generator":"websitePlanner","baseTemplateId":"undefined","blockId":"undefined","requestIds":{"sessionId":"wp-session-99def954-cf59-4d95-845d-09dfc5c501e4","generateId":"wp-page-singlePost","batchId":"wp-section-singlePost"}}},"elements":[],"isInner":false,"widgetType":"post-info","elType":"widget"},{"id":"78e7d582","settings":{"content_width":"full","__dynamic__":{"image":"[elementor-tag id=\"\" name=\"post-featured-image\" settings=\"%7B%22fallback%22%3A%7B%22url%22%3A%22%22%2C%22id%22%3A%22%22%2C%22size%22%3A%22%22%7D%7D\"]"},"width":{"unit":"%","size":100,"sizes":[]},"height":{"unit":"px","size":500,"sizes":[]},"object-fit":"cover","ai":{"generator":"websitePlanner","baseTemplateId":"undefined","blockId":"undefined","requestIds":{"sessionId":"wp-session-99def954-cf59-4d95-845d-09dfc5c501e4","generateId":"wp-page-singlePost","batchId":"wp-section-singlePost"}}},"elements":[],"isInner":false,"widgetType":"theme-post-featured-image","elType":"widget"}],"isInner":true,"elType":"container"},{"id":"47a21f76","settings":{"content_width":"full","flex_direction":"row","flex_gap":{"column":"80","row":"80","isLinked":true,"unit":"px","size":80},"ai":{"generator":"websitePlanner","baseTemplateId":"undefined","blockId":"undefined","requestIds":{"sessionId":"wp-session-99def954-cf59-4d95-845d-09dfc5c501e4","generateId":"wp-page-singlePost","batchId":"wp-section-singlePost"}}},"elements":[{"id":"c86acfd","settings":{"_column_size":50,"width":{"size":null,"unit":"%"},"padding_mobile":{"unit":"px","top":"0","right":"0","bottom":"0","left":"0","isLinked":false},"flex_justify_content_mobile":"center","flex_gap":{"size":32,"unit":"px","column":"32","row":"32","isLinked":true},"flex_gap_tablet":{"size":16,"unit":"px","column":"16","row":"16","isLinked":true},"padding_tablet":{"unit":"px","top":"0","right":"0","bottom":"0","left":"0","isLinked":false},"content_width":"full","flex_gap_mobile":{"unit":"px","size":16,"sizes":[],"column":"16","row":"16","isLinked":true},"padding":{"unit":"px","top":"0","right":"0","bottom":"0","left":"0","isLinked":false},"ai":{"generator":"websitePlanner","baseTemplateId":"undefined","blockId":"undefined","requestIds":{"sessionId":"wp-session-99def954-cf59-4d95-845d-09dfc5c501e4","generateId":"wp-page-singlePost","batchId":"wp-section-singlePost"}}},"elements":[{"id":"1e1c5d5c","settings":{"content_width":"full","typography_font_size":{"unit":"px","size":16,"sizes":[]},"typography_font_size_tablet":{"unit":"px","size":14,"sizes":[]},"typography_font_weight":"400","typography_text_transform":"none","typography_font_style":"normal","typography_text_decoration":"none","typography_line_height":{"unit":"em","size":1.5,"sizes":[]},"typography_letter_spacing":{"unit":"px","size":0,"sizes":[]},"__globals__":{"text_color":"globals\/colors?id=primary","typography_typography":"globals\/typography?id=text"},"ai":{"generator":"websitePlanner","baseTemplateId":"undefined","blockId":"undefined","requestIds":{"sessionId":"wp-session-99def954-cf59-4d95-845d-09dfc5c501e4","generateId":"wp-page-singlePost","batchId":"wp-section-singlePost"}}},"elements":[],"isInner":false,"widgetType":"theme-post-content","elType":"widget"},{"id":"4b86e0d4","settings":{"flex_direction":"row","flex_direction_mobile":"row","flex_justify_content_mobile":"flex-start","flex_gap":{"unit":"px","size":8,"sizes":[],"column":"8","row":"8","isLinked":true},"flex_gap_tablet":{"unit":"px","size":8,"sizes":[],"column":"8","row":"8","isLinked":true},"flex_gap_mobile":{"unit":"px","size":8,"sizes":[],"column":"8","row":"8","isLinked":true},"padding":{"unit":"px","top":"0","right":"0","bottom":"0","left":"0","isLinked":false},"ai":{"generator":"websitePlanner","baseTemplateId":"undefined","blockId":"undefined","requestIds":{"sessionId":"wp-session-99def954-cf59-4d95-845d-09dfc5c501e4","generateId":"wp-page-singlePost","batchId":"wp-section-singlePost"}}},"elements":[{"id":"57316587","settings":{"content_width":"full","share_buttons":[{"_id":"fd6609c"},{"button":"twitter","_id":"4ffd0e7"},{"button":"linkedin","_id":"12d4974"}],"view":"icon","skin":"flat","ai":{"generator":"websitePlanner","baseTemplateId":"undefined","blockId":"undefined","requestIds":{"sessionId":"wp-session-99def954-cf59-4d95-845d-09dfc5c501e4","generateId":"wp-page-singlePost","batchId":"wp-section-singlePost"}}},"elements":[],"isInner":false,"widgetType":"share-buttons","elType":"widget"}],"isInner":true,"elType":"container"}],"isInner":true,"elType":"container"},{"id":"3138e637","settings":{"_column_size":50,"width":{"size":50,"unit":"%"},"padding_mobile":{"unit":"px","top":"0","right":"0","bottom":"0","left":"0","isLinked":false},"flex_justify_content_mobile":"center","flex_gap":{"size":16,"unit":"px","column":"16","row":"16","isLinked":true},"flex_gap_tablet":{"size":16,"unit":"px","column":"16","row":"16","isLinked":true},"padding_tablet":{"unit":"px","top":"0","right":"0","bottom":"0","left":"0","isLinked":false},"content_width":"full","padding":{"unit":"px","top":"0","right":"0","bottom":"0","left":"0","isLinked":false},"flex_gap_mobile":{"unit":"px","size":0,"sizes":[],"column":"0","row":"0","isLinked":true},"ai":{"generator":"websitePlanner","baseTemplateId":"undefined","blockId":"undefined","requestIds":{"sessionId":"wp-session-99def954-cf59-4d95-845d-09dfc5c501e4","generateId":"wp-page-singlePost","batchId":"wp-section-singlePost"}}},"elements":[{"id":"78a852eb","settings":{"title":"more posts:","header_size":"h5","typography_font_size":{"unit":"px","size":24,"sizes":[]},"typography_font_weight":"600","typography_font_size_tablet":{"unit":"px","size":24,"sizes":[]},"typography_font_size_mobile":{"unit":"px","size":24,"sizes":[]},"typography_text_transform":"none","typography_font_style":"normal","typography_text_decoration":"none","typography_line_height":{"unit":"custom","size":"140%","sizes":[]},"typography_line_height_tablet":{"unit":"px","size":"","sizes":[]},"typography_line_height_mobile":{"unit":"px","size":"","sizes":[]},"typography_letter_spacing":{"unit":"px","size":0,"sizes":[]},"__globals__":{"typography_typography":"globals\/typography?id=primary","title_color":"globals\/colors?id=text"},"ai":{"generator":"websitePlanner","baseTemplateId":"undefined","blockId":"undefined","requestIds":{"sessionId":"wp-session-99def954-cf59-4d95-845d-09dfc5c501e4","generateId":"wp-page-singlePost","batchId":"wp-section-singlePost"}}},"elements":[],"isInner":false,"widgetType":"heading","elType":"widget"},{"id":"57cd3791","settings":{"content_width":"full","classic_posts_per_page":3,"classic_thumbnail_size_size":"large","classic_excerpt_length":20,"classic_apply_to_custom_excerpt":"","classic_meta_separator":"\/\/\/","classic_read_more_text":"Read More \u00bb","cards_meta_separator":"\u2022","cards_read_more_text":"Read More \u00bb","full_content_meta_separator":"\/\/\/","pagination_page_limit":"5","pagination_prev_label":"&laquo; Previous","pagination_next_label":"Next &raquo;","text":"Load More","load_more_no_posts_custom_message":"No more posts to show","classic_title_typography_font_size":{"unit":"px","size":18,"sizes":[]},"classic_title_typography_font_size_tablet":{"unit":"px","size":18,"sizes":[]},"classic_title_typography_font_size_mobile":{"unit":"px","size":16,"sizes":[]},"classic_title_typography_font_weight":"500","classic_title_typography_text_transform":"none","classic_title_typography_font_style":"normal","classic_title_typography_text_decoration":"none","classic_title_typography_line_height":{"unit":"custom","size":"140%","sizes":[]},"classic_title_typography_line_height_tablet":{"unit":"px","size":"","sizes":[]},"classic_title_typography_line_height_mobile":{"unit":"px","size":"","sizes":[]},"classic_title_typography_letter_spacing":{"unit":"px","size":0,"sizes":[]},"classic_title_typography_word_spacing":{"unit":"em","size":"","sizes":[]},"classic_title_spacing":{"unit":"px","size":8,"sizes":[]},"classic_meta_typography_typography":"custom","classic_meta_typography_font_family":"Figtree","classic_meta_typography_font_size":{"unit":"px","size":14,"sizes":[]},"classic_meta_typography_font_size_tablet":{"unit":"px","size":14,"sizes":[]},"classic_meta_typography_font_weight":"400","classic_meta_typography_text_transform":"none","classic_meta_typography_font_style":"normal","classic_meta_typography_text_decoration":"none","classic_meta_typography_line_height":{"unit":"em","size":1.5,"sizes":[]},"classic_meta_typography_letter_spacing":{"unit":"px","size":0,"sizes":[]},"classic_meta_typography_word_spacing":{"unit":"em","size":"","sizes":[]},"classic_meta_spacing":{"unit":"px","size":24,"sizes":[]},"classic_excerpt_typography_typography":"custom","classic_excerpt_typography_font_family":"Figtree","classic_excerpt_typography_font_size":{"unit":"px","size":14,"sizes":[]},"classic_excerpt_typography_font_size_tablet":{"unit":"px","size":14,"sizes":[]},"classic_excerpt_typography_font_weight":"400","classic_excerpt_typography_text_transform":"none","classic_excerpt_typography_font_style":"normal","classic_excerpt_typography_text_decoration":"none","classic_excerpt_typography_line_height":{"unit":"em","size":1.5,"sizes":[]},"classic_excerpt_typography_letter_spacing":{"unit":"px","size":0,"sizes":[]},"classic_excerpt_typography_word_spacing":{"unit":"em","size":"","sizes":[]},"classic_read_more_typography_font_size":{"unit":"px","size":16,"sizes":[]},"classic_read_more_typography_font_size_tablet":{"unit":"px","size":14,"sizes":[]},"classic_read_more_typography_font_weight":"400","classic_read_more_typography_text_transform":"none","classic_read_more_typography_font_style":"normal","classic_read_more_typography_text_decoration":"none","classic_read_more_typography_line_height":{"unit":"em","size":1.5,"sizes":[]},"classic_read_more_typography_letter_spacing":{"unit":"px","size":0,"sizes":[]},"__globals__":{"classic_title_color":"globals\/colors?id=primary","classic_title_typography_typography":"globals\/typography?id=heading-s","classic_meta_typography_typography":"","classic_meta_color":"globals\/colors?id=text","classic_read_more_color":"globals\/colors?id=accent","classic_read_more_typography_typography":"globals\/typography?id=text","classic_excerpt_typography_typography":"","classic_box_border_color":""},"classic_columns":"1","classic_thumbnail":"left","classic_image_width":{"unit":"%","size":50,"sizes":[]},"_padding":{"unit":"px","top":"0","right":"0","bottom":"0","left":"0","isLinked":false},"classic_columns_tablet":"1","classic_show_excerpt":"","posts_offset":1,"posts_exclude":["current_post"],"ai":{"generator":"websitePlanner","baseTemplateId":"undefined","blockId":"undefined","requestIds":{"sessionId":"wp-session-99def954-cf59-4d95-845d-09dfc5c501e4","generateId":"wp-page-singlePost","batchId":"wp-section-singlePost"}}},"elements":[],"isInner":false,"widgetType":"posts","elType":"widget"}],"isInner":true,"elType":"container"}],"isInner":true,"elType":"container"}],"isInner":false,"elType":"container"}],"settings":[],"metadata":[]}