{"content":[{"id":"73793442","settings":{"boxed_width":{"unit":"px","size":1280,"sizes":[]},"min_height":{"unit":"px","size":80,"sizes":[]},"content_position":"middle","structure":"20","border_border":"solid","border_width":{"unit":"px","top":"0","right":"0","bottom":"1","left":"0","isLinked":false},"margin":{"unit":"px","top":"0","right":0,"bottom":"0","left":0,"isLinked":false},"z_index":99,"padding_mobile":{"unit":"px","top":"0","right":"24","bottom":"0","left":"24","isLinked":false},"background_background":"classic","flex_direction":"row","flex_align_items":"center","flex_gap":{"size":0,"unit":"px","column":"0","row":"0","isLinked":true},"flex_direction_mobile":"row","flex_gap_mobile":{"unit":"px","size":0,"sizes":[],"column":"0","row":"0","isLinked":true},"padding":{"unit":"px","top":"0","right":"24","bottom":"0","left":"24","isLinked":false},"padding_tablet":{"unit":"px","top":"0","right":"24","bottom":"0","left":"24","isLinked":false},"flex_justify_content":"space-between","ai":{"generator":"websitePlanner","baseTemplateId":"undefined","blockId":"undefined","requestIds":{"sessionId":"wp-session-99def954-cf59-4d95-845d-09dfc5c501e4","generateId":"wp-page-header","batchId":"wp-section-header"}},"_title":"Website Navigation","__globals__":{"border_color":"globals\/colors?id=primary","background_color":"globals\/colors?id=background"}},"elements":[{"id":"5bc844c3","settings":{"_column_size":50,"width":{"size":70,"unit":"%"},"width_mobile":{"size":"","unit":"%"},"padding_tablet":{"unit":"px","top":"0","right":"0","bottom":"0","left":"0","isLinked":false},"padding_mobile":{"unit":"px","top":"0","right":"0","bottom":"0","left":"0","isLinked":false},"content_width":"full","flex_justify_content":"flex-start","flex_direction":"row","flex_justify_content_mobile":"space-between","flex_align_items":"center","flex_gap_tablet":{"unit":"px","size":16,"sizes":[],"column":"16","row":"16","isLinked":true},"padding":{"unit":"px","top":"0","right":"0","bottom":"0","left":"0","isLinked":false},"width_tablet":{"unit":"%","size":"","sizes":[]},"flex_gap":{"unit":"px","size":24,"sizes":[],"column":"24","row":"24","isLinked":true},"ai":{"generator":"websitePlanner","baseTemplateId":"undefined","blockId":"undefined","requestIds":{"sessionId":"wp-session-99def954-cf59-4d95-845d-09dfc5c501e4","generateId":"wp-page-header","batchId":"wp-section-header"}}},"elements":[{"id":"2e8af045","settings":{"content_width":"full","__dynamic__":{"image":"[elementor-tag id=\"\" name=\"site-logo\" settings=\"%7B%7D\"]"},"align_tablet":"left","width":{"unit":"px","size":80,"sizes":[]},"width_tablet":{"unit":"px","size":"","sizes":[]},"width_mobile":{"unit":"px","size":"","sizes":[]},"_margin_mobile":{"unit":"px","top":"0","right":"0","bottom":"0","left":"0","isLinked":false},"_padding_mobile":{"unit":"px","top":"0","right":"0","bottom":"0","left":"0","isLinked":false},"ai":{"generator":"websitePlanner","baseTemplateId":"undefined","blockId":"undefined","requestIds":{"sessionId":"wp-session-99def954-cf59-4d95-845d-09dfc5c501e4","generateId":"wp-page-header","batchId":"wp-section-header"}}},"elements":[],"isInner":false,"widgetType":"theme-site-logo","elType":"widget"},{"id":"77efceab","settings":{"animation_text":"rotate","full_width":"stretch","toggle_align":"right","padding_horizontal_menu_item":{"unit":"px","size":15,"sizes":[]},"_element_width":"auto","__globals__":{"menu_typography_typography":"globals\/typography?id=text","toggle_background_color":"globals\/colors?id=transparent","toggle_color":"globals\/colors?id=primary","background_color_dropdown_item":"globals\/colors?id=background","background_color_dropdown_item_hover":"globals\/colors?id=background","color_dropdown_item_hover":"globals\/colors?id=text","toggle_color_hover":"globals\/colors?id=primary","pointer_color_menu_item_active":"globals\/colors?id=text","color_menu_item_hover_pointer_bg":"globals\/colors?id=background","color_menu_item_active":"globals\/colors?id=text","color_menu_item":"globals\/colors?id=primary","pointer_color_menu_item_hover":"globals\/colors?id=text","color_menu_item_hover":"globals\/colors?id=text","color_dropdown_item":"globals\/colors?id=primary","dropdown_border_color":"globals\/colors?id=primary"},"animation_background":"sweep-right","text_align":"center","dropdown_top_distance_tablet":{"unit":"px","size":-2,"sizes":[]},"toggle_border_width_tablet":{"unit":"px","size":0,"sizes":[]},"toggle_border_radius_tablet":{"unit":"px","size":"0","sizes":[]},"menu_typography_font_size":{"unit":"px","size":"16","sizes":[]},"menu_typography_font_weight":"400","menu_typography_text_transform":"capitalize","menu_typography_font_style":"normal","menu_typography_text_decoration":"none","dropdown_typography_typography":"custom","dropdown_typography_font_family":"Poppins","dropdown_typography_font_size":{"unit":"px","size":15,"sizes":[]},"dropdown_typography_font_weight":"400","dropdown_typography_text_transform":"capitalize","dropdown_typography_font_style":"normal","dropdown_typography_text_decoration":"none","dropdown_typography_line_height":{"unit":"em","size":"1.3","sizes":[]},"toggle_border_width":{"unit":"px","size":"0","sizes":[]},"toggle_border_radius":{"unit":"px","size":"0","sizes":[]},"animation_line":"fade","pointer_width":{"unit":"px","size":1,"sizes":[]},"dropdown_border_border":"solid","dropdown_border_width":{"unit":"px","top":"1","right":"1","bottom":"1","left":"1","isLinked":true},"dropdown_top_distance":{"unit":"px","size":-2,"sizes":[]},"dropdown":"mobile","menu_typography_font_size_tablet":{"unit":"px","size":14,"sizes":[]},"pointer_width_tablet":{"unit":"px","size":1,"sizes":[]},"padding_horizontal_menu_item_tablet":{"unit":"px","size":6,"sizes":[]},"dropdown_typography_font_size_tablet":{"unit":"px","size":13,"sizes":[]},"dropdown_typography_font_size_mobile":{"unit":"px","size":15,"sizes":[]},"dropdown_border_width_mobile":{"unit":"px","top":"1","right":"1","bottom":"1","left":"1","isLinked":false},"padding_horizontal_dropdown_item_tablet":{"unit":"px","size":15,"sizes":[]},"padding_vertical_dropdown_item_mobile":{"unit":"px","size":20,"sizes":[]},"dropdown_top_distance_mobile":{"unit":"px","size":18,"sizes":[]},"_padding_tablet":{"unit":"px","top":"0","right":"0","bottom":"0","left":"0","isLinked":false},"align_items":"center","_element_custom_width":{"unit":"%","size":70,"sizes":[]},"menu_id":7,"menu_name":"Navigation","dropdown_border_radius":{"unit":"px","top":"-1","right":"-1","bottom":"-1","left":"-1","isLinked":true},"toggle_border_width_mobile":{"unit":"px","size":0,"sizes":[]},"ai":{"generator":"websitePlanner","baseTemplateId":"undefined","blockId":"undefined","requestIds":{"sessionId":"wp-session-99def954-cf59-4d95-845d-09dfc5c501e4","generateId":"wp-page-header","batchId":"wp-section-header"}}},"elements":[],"isInner":false,"widgetType":"nav-menu","elType":"widget"}],"isInner":true,"elType":"container"},{"id":"11f800f0","settings":{"content_width":"full","width":{"unit":"%","size":30,"sizes":[]},"boxed_width_tablet":{"unit":"%","size":30,"sizes":[]},"boxed_width_mobile":{"unit":"%","size":"","sizes":[]},"flex_direction":"row","flex_justify_content":"flex-end","flex_gap":{"unit":"px","size":24,"sizes":[],"column":"24","row":"24","isLinked":true},"flex_gap_tablet":{"unit":"px","size":16,"sizes":[],"column":"16","row":"16","isLinked":true},"hide_mobile":"hidden-mobile","width_tablet":{"unit":"%","size":28,"sizes":[]},"width_mobile":{"unit":"%","size":"","sizes":[]},"margin_tablet":{"unit":"px","top":"0","right":"0","bottom":"0","left":"0","isLinked":false},"padding_tablet":{"unit":"px","top":"0","right":"0","bottom":"0","left":"0","isLinked":false},"ai":{"generator":"websitePlanner","baseTemplateId":"undefined","blockId":"undefined","requestIds":{"sessionId":"wp-session-99def954-cf59-4d95-845d-09dfc5c501e4","generateId":"wp-page-header","batchId":"wp-section-header"}}},"elements":[{"id":"536e09f1","settings":{"text":"Learn More","_margin":{"unit":"px","top":"0","right":"0","bottom":"0","left":"0","isLinked":false},"_element_width":"auto","button_background_hover_color":"#1222FE","border_border":"solid","border_width":{"unit":"px","top":"1","right":"1","bottom":"1","left":"1","isLinked":"1"},"border_radius":{"unit":"px","top":"","right":"","bottom":"","left":"","isLinked":"1"},"text_padding":{"unit":"px","top":"8","right":"20","bottom":"8","left":"20","isLinked":""},"__globals__":{"button_text_color":"globals\/colors?id=primary","hover_color":"","button_background_hover_color":"","button_hover_border_color":"","border_color":"globals\/colors?id=primary","background_color":"globals\/colors?id=transparent","typography_typography":"globals\/typography?id=text"},"text_padding_mobile":{"unit":"px","top":"10","right":"15","bottom":"10","left":"15","isLinked":""},"_margin_mobile":{"unit":"px","top":"0","right":"0","bottom":"0","left":"0","isLinked":""},"typography_font_size":{"unit":"px","size":16,"sizes":[]},"typography_font_weight":"400","typography_text_transform":"capitalize","typography_font_style":"normal","typography_text_decoration":"none","typography_line_height":{"unit":"custom","size":"150%","sizes":[]},"typography_font_size_mobile":{"unit":"px","size":15,"sizes":[]},"_margin_tablet":{"unit":"px","top":"0","right":"0","bottom":"0","left":"0","isLinked":false},"hide_mobile":"hidden-mobile","_element_custom_width":{"unit":"%","size":15,"sizes":[]},"icon_indent":{"unit":"px","size":0,"sizes":[]},"typography_font_size_tablet":{"unit":"custom","size":"","sizes":[]},"typography_line_height_tablet":{"unit":"px","size":"","sizes":[]},"typography_line_height_mobile":{"unit":"px","size":"","sizes":[]},"button_background_hover_background":"","_padding":{"unit":"px","top":"0","right":"0","bottom":"0","left":"0","isLinked":false},"ai":{"generator":"websitePlanner","baseTemplateId":"undefined","blockId":"undefined","requestIds":{"sessionId":"wp-session-99def954-cf59-4d95-845d-09dfc5c501e4","generateId":"wp-page-header","batchId":"wp-section-header"}}},"elements":[],"isInner":false,"widgetType":"button","elType":"widget"},{"id":"1651c18c","settings":{"text":"Get Started","_margin":{"unit":"px","top":"0","right":"0","bottom":"0","left":"0","isLinked":false},"_element_width":"auto","border_border":"solid","border_width":{"unit":"px","top":"1","right":"1","bottom":"1","left":"1","isLinked":"1"},"border_radius":{"unit":"px","top":"","right":"","bottom":"","left":"","isLinked":"1"},"text_padding":{"unit":"px","top":"8","right":"20","bottom":"8","left":"20","isLinked":""},"__globals__":{"button_text_color":"globals\/colors?id=background","hover_color":"","button_background_hover_color":"globals\/colors?id=transparent","button_hover_border_color":"","border_color":"globals\/colors?id=accent","background_color":"globals\/colors?id=accent","typography_typography":"globals\/typography?id=text"},"text_padding_mobile":{"unit":"px","top":"10","right":"15","bottom":"10","left":"15","isLinked":""},"_margin_mobile":{"unit":"px","top":"0","right":"0","bottom":"0","left":"0","isLinked":""},"typography_font_size":{"unit":"px","size":16,"sizes":[]},"typography_font_weight":"400","typography_text_transform":"capitalize","typography_font_style":"normal","typography_text_decoration":"none","typography_line_height":{"unit":"custom","size":"150%","sizes":[]},"typography_font_size_mobile":{"unit":"px","size":15,"sizes":[]},"_margin_tablet":{"unit":"px","top":"0","right":"0","bottom":"0","left":"0","isLinked":false},"hide_mobile":"hidden-mobile","_element_custom_width":{"unit":"%","size":15,"sizes":[]},"icon_indent":{"unit":"px","size":0,"sizes":[]},"typography_font_size_tablet":{"unit":"custom","size":"","sizes":[]},"typography_line_height_tablet":{"unit":"px","size":"","sizes":[]},"typography_line_height_mobile":{"unit":"px","size":"","sizes":[]},"button_background_hover_background":"","_padding":{"unit":"px","top":"0","right":"0","bottom":"0","left":"0","isLinked":false},"_flex_align_self":"center","ai":{"generator":"websitePlanner","baseTemplateId":"undefined","blockId":"undefined","requestIds":{"sessionId":"wp-session-99def954-cf59-4d95-845d-09dfc5c501e4","generateId":"wp-page-header","batchId":"wp-section-header"}}},"elements":[],"isInner":false,"widgetType":"button","elType":"widget"}],"isInner":true,"elType":"container"}],"isInner":false,"elType":"container"}],"settings":[],"metadata":[]}