{"content":[],"settings":{"template":"default","ai":{"generator":"websitePlanner","requestIds":{"sessionId":"wp-session-99def954-cf59-4d95-845d-09dfc5c501e4","generateId":"2025-06-03-11-11-18-6a5665898d"}},"system_colors":[{"_id":"primary","title":"Primary","color":"#1A1A1A"},{"_id":"secondary","title":"Secondary","color":"#004B87"},{"_id":"text","title":"Text","color":"#333333"},{"_id":"accent","title":"Accent","color":"#FF6F61"}],"custom_colors":[{"_id":"background","title":"Background","color":"#FFFFFF"},{"_id":"backgroundAccent","title":"Background Accent","color":"#F5F5F5"},{"_id":"transparent","title":"Transparent","color":"#00000000"}],"system_typography":[{"_id":"primary","title":"Primary","typography_typography":"custom","typography_font_family":"Poppins","typography_font_weight":"600","typography_font_size":{"unit":"px","size":24},"typography_font_size_tablet":{"unit":"px","size":22},"typography_font_size_mobile":{"unit":"px","size":18}},{"_id":"secondary","title":"Secondary","typography_typography":"custom","typography_font_family":"Poppins","typography_font_weight":"600","typography_font_size":{"unit":"px","size":20},"typography_font_size_tablet":{"unit":"px","size":18},"typography_font_size_mobile":{"unit":"px","size":16}},{"_id":"text","title":"Text","typography_typography":"custom","typography_font_family":"Figtree","typography_font_weight":"400","typography_font_size":{"unit":"px","size":16},"typography_line_height":{"unit":"em","size":1.5}},{"_id":"accent","title":"Accent","typography_typography":"custom","typography_font_family":"Figtree","typography_font_weight":"400","typography_font_size":{"unit":"px","size":16},"typography_line_height":{"unit":"em","size":1.5}}],"custom_typography":[{"_id":"heading-xl","title":"Heading XL","typography_typography":"custom","typography_font_family":"Poppins","typography_font_weight":"600","typography_font_size":{"unit":"px","size":56},"typography_font_size_tablet":{"unit":"px","size":48},"typography_font_size_mobile":{"unit":"px","size":40},"typography_line_height":{"unit":"em","size":1.2}},{"_id":"heading-l","title":"Heading L","typography_typography":"custom","typography_font_family":"Poppins","typography_font_weight":"600","typography_font_size":{"unit":"px","size":48},"typography_font_size_tablet":{"unit":"px","size":40},"typography_font_size_mobile":{"unit":"px","size":32},"typography_line_height":{"unit":"em","size":1.2}},{"_id":"heading-m","title":"Heading M","typography_typography":"custom","typography_font_family":"Poppins","typography_font_weight":"600","typography_font_size":{"unit":"px","size":40},"typography_font_size_tablet":{"unit":"px","size":32},"typography_font_size_mobile":{"unit":"px","size":32},"typography_line_height":{"unit":"em","size":1.2}},{"_id":"heading-s","title":"Heading S","typography_typography":"custom","typography_font_family":"Poppins","typography_font_weight":"500","typography_font_size":{"unit":"px","size":18},"typography_font_size_tablet":{"unit":"px","size":18},"typography_font_size_mobile":{"unit":"px","size":16}},{"_id":"body-s","title":"Body S","typography_typography":"custom","typography_font_family":"Figtree","typography_font_weight":"400","typography_font_size":{"unit":"px","size":14},"typography_line_height":{"unit":"em","size":1.5}}],"body_background_background":"classic","body_background_image":"","__globals__":{"body_background_color":"globals\/colors?id=background","mobile_browser_background":"globals\/colors?id=primary"}},"metadata":[]}