[{"term_id":251,"name":"exclude-from-catalog","slug":"exclude-from-catalog","taxonomy":"product_visibility","description":"","parent":0},{"term_id":250,"name":"exclude-from-search","slug":"exclude-from-search","taxonomy":"product_visibility","description":"","parent":0},{"term_id":252,"name":"featured","slug":"featured","taxonomy":"product_visibility","description":"","parent":0},{"term_id":253,"name":"outofstock","slug":"outofstock","taxonomy":"product_visibility","description":"","parent":0},{"term_id":254,"name":"rated-1","slug":"rated-1","taxonomy":"product_visibility","description":"","parent":0},{"term_id":255,"name":"rated-2","slug":"rated-2","taxonomy":"product_visibility","description":"","parent":0},{"term_id":256,"name":"rated-3","slug":"rated-3","taxonomy":"product_visibility","description":"","parent":0},{"term_id":257,"name":"rated-4","slug":"rated-4","taxonomy":"product_visibility","description":"","parent":0},{"term_id":258,"name":"rated-5","slug":"rated-5","taxonomy":"product_visibility","description":"","parent":0}]